gene	ncg	cgc	intogen	bailey	ncg_possible_false_positive	intogen_BRCA	intogen_GBM	intogen_KIRC	intogen_LUAD	intogen_PRAD	intogen_SKCM	intogen_COADREAD	intogen_STAD	general_driver	specific_driver_BRCA	specific_driver_GBM	specific_driver_KIRC	specific_driver_LUAD	specific_driver_PRAD	specific_driver_SKCM	specific_driver_COADREAD	specific_driver_STAD
STAG2	1	1	1	1	0	0	1	1	0	0	0	0	0	4	4	8	8	4	4	4	4	4
EXT2	1	1	1	0	0	0	0	0	0	0	0	0	0	3	3	3	3	3	3	3	3	3
WDCP	1	1	0	0	0	0	0	0	0	0	0	0	0	2	2	2	2	2	2	2	2	2
RXRA	0	0	1	1	0	0	0	0	0	0	0	0	0	2	2	2	2	2	2	2	2	2
NCOR1	1	1	1	1	0	1	0	0	0	1	0	0	0	4	8	4	4	4	8	4	4	4
CIITA	1	1	1	0	0	0	0	0	0	0	0	0	0	3	3	3	3	3	3	3	3	3
TRIM24	1	1	1	0	0	0	0	0	0	1	0	0	0	3	3	3	3	3	7	3	3	3
MLLT6	1	1	0	0	0	0	0	0	0	0	0	0	0	2	2	2	2	2	2	2	2	2
COL25A1	0	0	0	0	1	0	0	0	0	0	0	0	0	-1	-1	-1	-1	-1	-1	-1	-1	-1
KLF6	1	1	0	0	0	0	0	0	0	0	0	0	0	2	2	2	2	2	2	2	2	2
DACH1	0	0	0	1	0	0	0	0	0	0	0	0	0	1	1	1	1	1	1	1	1	1
TAF1L	0	0	0	0	1	0	0	0	0	0	0	0	0	-1	-1	-1	-1	-1	-1	-1	-1	-1
PGR	0	0	0	1	0	0	0	0	0	0	0	0	0	1	1	1	1	1	1	1	1	1
FOXA2	0	0	1	1	0	0	0	0	0	0	0	0	0	2	2	2	2	2	2	2	2	2
NLRP3	0	0	0	0	1	0	0	0	0	0	0	0	0	-1	-1	-1	-1	-1	-1	-1	-1	-1
DIS3	0	0	1	0	0	0	0	0	0	0	0	0	0	1	1	1	1	1	1	1	1	1
TTN	0	0	0	0	1	0	0	0	0	0	0	0	0	-1	-1	-1	-1	-1	-1	-1	-1	-1
ALB	0	0	1	1	0	0	0	0	0	0	0	0	0	2	2	2	2	2	2	2	2	2
CIC	1	1	1	1	0	0	0	0	1	0	0	0	0	4	4	4	4	8	4	4	4	4
RPL22	1	1	1	1	0	0	0	0	0	0	0	0	0	4	4	4	4	4	4	4	4	4
H3F3C	0	0	0	1	0	0	0	0	0	0	0	0	0	1	1	1	1	1	1	1	1	1
FAT1	1	1	1	1	0	1	0	0	0	1	0	0	1	4	8	4	4	4	8	4	4	8
MYCBP2	0	0	0	0	1	0	0	0	0	0	0	0	0	-1	-1	-1	-1	-1	-1	-1	-1	-1
KANSL1	0	0	0	1	0	0	0	0	0	0	0	0	0	1	1	1	1	1	1	1	1	1
HCN1	0	0	0	0	1	0	0	0	0	0	0	0	0	-1	-1	-1	-1	-1	-1	-1	-1	-1
PKHD1L1	0	0	0	0	1	0	0	0	0	0	0	0	0	-1	-1	-1	-1	-1	-1	-1	-1	-1
KEAP1	1	1	1	1	0	0	0	1	1	0	0	0	0	4	4	4	8	8	4	4	4	4
PRDM1	1	1	1	0	0	0	0	0	0	1	0	0	0	3	3	3	3	3	7	3	3	3
NOTCH1	1	1	1	1	0	0	0	0	0	0	0	0	0	4	4	4	4	4	4	4	4	4
CTNNA3	0	0	0	0	1	0	0	0	0	0	0	0	0	-1	-1	-1	-1	-1	-1	-1	-1	-1
ETV6	1	1	1	0	0	0	0	0	0	0	0	0	0	3	3	3	3	3	3	3	3	3
DNMT1	1	0	0	0	0	0	0	0	0	0	0	0	0	1	1	1	1	1	1	1	1	1
EEF1A1	0	0	0	1	0	0	0	0	0	0	0	0	0	1	1	1	1	1	1	1	1	1
PCMTD1	0	0	1	0	0	0	0	0	0	0	0	0	0	1	1	1	1	1	1	1	1	1
TRIM33	1	1	1	0	0	0	0	0	0	0	0	0	0	3	3	3	3	3	3	3	3	3
MAP2K4	1	1	1	1	0	1	0	0	0	0	0	1	0	4	8	4	4	4	4	4	8	4
LHFPL6	1	1	0	0	0	0	0	0	0	0	0	0	0	2	2	2	2	2	2	2	2	2
MLLT3	1	1	1	0	0	0	0	0	0	0	1	0	0	3	3	3	3	3	3	7	3	3
POLG	1	1	0	0	0	0	0	0	0	0	0	0	0	2	2	2	2	2	2	2	2	2
SDHB	1	1	0	0	0	0	0	0	0	0	0	0	0	2	2	2	2	2	2	2	2	2
OTOGL	0	0	0	0	1	0	0	0	0	0	0	0	0	-1	-1	-1	-1	-1	-1	-1	-1	-1
GRM3	1	1	0	0	0	0	0	0	0	0	0	0	0	2	2	2	2	2	2	2	2	2
RNF111	0	0	0	1	0	0	0	0	0	0	0	0	0	1	1	1	1	1	1	1	1	1
RAG1	0	0	0	0	1	0	0	0	0	0	0	0	0	-1	-1	-1	-1	-1	-1	-1	-1	-1
TRA	0	1	0	0	0	0	0	0	0	0	0	0	0	1	1	1	1	1	1	1	1	1
BCL7A	1	1	1	0	0	0	0	0	0	0	0	0	0	3	3	3	3	3	3	3	3	3
MYOM2	0	0	0	0	1	0	0	0	0	0	0	0	0	-1	-1	-1	-1	-1	-1	-1	-1	-1
PWWP2A	1	1	0	0	0	0	0	0	0	0	0	0	0	2	2	2	2	2	2	2	2	2
TLL1	0	0	1	0	0	0	0	0	0	0	0	0	0	1	1	1	1	1	1	1	1	1
KDM5C	1	1	1	1	0	0	0	1	0	0	0	0	0	4	4	4	8	4	4	4	4	4
PHOX2B	1	1	0	0	0	0	0	0	0	0	0	0	0	2	2	2	2	2	2	2	2	2
HERPUD1	1	1	0	0	0	0	0	0	0	0	0	0	0	2	2	2	2	2	2	2	2	2
KDR	1	1	1	0	0	0	0	0	1	0	0	0	0	3	3	3	3	7	3	3	3	3
RBM39	0	0	1	0	0	0	0	0	0	0	0	0	0	1	1	1	1	1	1	1	1	1
EEF2	0	0	0	1	0	0	0	0	0	0	0	0	0	1	1	1	1	1	1	1	1	1
OR4C46	0	0	0	0	1	0	0	0	0	0	0	0	0	-1	-1	-1	-1	-1	-1	-1	-1	-1
BCLAF1	1	1	1	0	1	0	0	0	0	0	1	0	1	2	2	2	2	2	2	6	2	6
CD274	1	1	0	0	0	0	0	0	0	0	0	0	0	2	2	2	2	2	2	2	2	2
HLF	1	1	0	0	0	0	0	0	0	0	0	0	0	2	2	2	2	2	2	2	2	2
EYS	0	0	0	0	1	0	0	0	0	0	0	0	0	-1	-1	-1	-1	-1	-1	-1	-1	-1
NUTM2B	1	1	0	0	0	0	0	0	0	0	0	0	0	2	2	2	2	2	2	2	2	2
GNAI2	0	0	1	0	0	0	0	0	0	0	0	0	0	1	1	1	1	1	1	1	1	1
COL2A1	1	1	0	0	0	0	0	0	0	0	0	0	0	2	2	2	2	2	2	2	2	2
ATRX	1	1	1	1	0	0	1	0	0	0	0	0	0	4	4	8	4	4	4	4	4	4
DAXX	1	1	1	0	0	0	0	0	0	0	0	0	0	3	3	3	3	3	3	3	3	3
ACKR3	1	1	1	0	0	0	0	0	0	0	0	0	0	3	3	3	3	3	3	3	3	3
KAT6A	1	1	1	0	0	0	0	0	0	1	0	0	0	3	3	3	3	3	7	3	3	3
ABL1	1	1	1	1	0	0	0	0	0	0	0	0	0	4	4	4	4	4	4	4	4	4
EXOC2	0	0	0	0	1	0	0	0	0	0	0	0	0	-1	-1	-1	-1	-1	-1	-1	-1	-1
CLTCL1	1	1	1	0	0	0	0	0	0	0	0	0	0	3	3	3	3	3	3	3	3	3
BCL2L11	0	0	0	1	0	0	0	0	0	0	0	0	0	1	1	1	1	1	1	1	1	1
HIF1A	1	1	0	0	0	0	0	0	0	0	0	0	0	2	2	2	2	2	2	2	2	2
HMGA1	1	1	0	0	0	0	0	0	0	0	0	0	0	2	2	2	2	2	2	2	2	2
CSMD2	0	0	0	0	1	0	0	0	0	0	0	0	0	-1	-1	-1	-1	-1	-1	-1	-1	-1
OLIG2	1	1	0	0	0	0	0	0	0	0	0	0	0	2	2	2	2	2	2	2	2	2
MYCN	1	1	1	1	0	0	1	0	0	0	0	0	0	4	4	8	4	4	4	4	4	4
USP6	1	1	1	0	0	1	0	0	0	1	0	1	0	3	7	3	3	3	7	3	7	3
EIF1AX	1	1	1	1	0	0	0	0	0	1	0	0	0	4	4	4	4	4	8	4	4	4
ZMYM2	1	1	0	1	0	0	0	0	0	0	0	0	0	3	3	3	3	3	3	3	3	3
CACNA1A	0	0	0	1	0	0	0	0	0	0	0	0	0	1	1	1	1	1	1	1	1	1
HEY1	1	1	0	0	0	0	0	0	0	0	0	0	0	2	2	2	2	2	2	2	2	2
TMTC2	0	0	0	0	1	0	0	0	0	0	0	0	0	-1	-1	-1	-1	-1	-1	-1	-1	-1
KIF1A	0	0	0	1	0	0	0	0	0	0	0	0	0	1	1	1	1	1	1	1	1	1
RANBP2	1	1	1	0	0	0	0	1	0	1	0	0	0	3	3	3	7	3	7	3	3	3
COL1A2	0	0	0	0	1	0	0	0	0	0	0	0	0	-1	-1	-1	-1	-1	-1	-1	-1	-1
CNTN1	0	0	0	0	1	0	0	0	0	0	0	0	0	-1	-1	-1	-1	-1	-1	-1	-1	-1
PTPDC1	0	0	0	1	0	0	0	0	0	0	0	0	0	1	1	1	1	1	1	1	1	1
HIST1H1C	0	0	0	1	0	0	0	0	0	0	0	0	0	1	1	1	1	1	1	1	1	1
FCGR2B	1	1	0	0	0	0	0	0	0	0	0	0	0	2	2	2	2	2	2	2	2	2
ADGRL3	0	0	0	0	1	0	0	0	0	0	0	0	0	-1	-1	-1	-1	-1	-1	-1	-1	-1
ZFP36L1	0	0	1	1	0	0	0	0	0	0	0	0	0	2	2	2	2	2	2	2	2	2
HMGA2	1	1	0	0	0	0	0	0	0	0	0	0	0	2	2	2	2	2	2	2	2	2
PPT2	0	0	1	0	0	0	0	0	0	0	0	0	0	1	1	1	1	1	1	1	1	1
SLITRK6	0	0	0	0	1	0	0	0	0	0	0	0	0	-1	-1	-1	-1	-1	-1	-1	-1	-1
GRM8	0	0	0	0	1	0	0	0	0	0	0	0	0	-1	-1	-1	-1	-1	-1	-1	-1	-1
ERCC5	0	1	0	0	0	0	0	0	0	0	0	0	0	1	1	1	1	1	1	1	1	1
IKBKB	1	1	1	0	0	0	0	0	0	0	0	0	0	3	3	3	3	3	3	3	3	3
SSX2	1	1	0	0	0	0	0	0	0	0	0	0	0	2	2	2	2	2	2	2	2	2
NCOA2	1	1	1	0	0	0	0	0	1	0	0	0	0	3	3	3	3	7	3	3	3	3
EP300	1	1	1	1	0	0	0	0	0	0	0	1	0	4	4	4	4	4	4	4	8	4
EGR3	0	0	0	1	0	0	0	0	0	0	0	0	0	1	1	1	1	1	1	1	1	1
SPEN	1	1	1	0	1	1	0	1	0	1	0	0	0	2	6	2	6	2	6	2	2	2
NCKIPSD	1	1	0	0	0	0	0	0	0	0	0	0	0	2	2	2	2	2	2	2	2	2
TNFRSF17	1	1	0	0	0	0	0	0	0	0	0	0	0	2	2	2	2	2	2	2	2	2
ZCRB1	0	0	1	0	0	0	0	0	0	0	0	0	0	1	1	1	1	1	1	1	1	1
NUMA1	1	1	1	0	0	1	0	0	0	0	0	0	0	3	7	3	3	3	3	3	3	3
NUTM2D	0	1	0	0	0	0	0	0	0	0	0	0	0	1	1	1	1	1	1	1	1	1
MYOD1	1	1	0	0	0	0	0	0	0	0	0	0	0	2	2	2	2	2	2	2	2	2
TPR	1	1	0	0	0	0	0	0	0	0	0	0	0	2	2	2	2	2	2	2	2	2
PPP3CA	0	0	1	0	1	0	0	0	0	0	0	0	1	0	0	0	0	0	0	0	0	4
HOXD13	1	1	1	0	0	1	0	0	0	0	0	0	0	3	7	3	3	3	3	3	3	3
RPS6KA3	0	0	1	1	0	0	0	0	0	0	0	0	0	2	2	2	2	2	2	2	2	2
OR10G9	0	0	0	0	1	0	0	0	0	0	0	0	0	-1	-1	-1	-1	-1	-1	-1	-1	-1
USP9X	0	0	1	1	0	0	0	0	0	0	0	0	0	2	2	2	2	2	2	2	2	2
EED	1	1	0	0	0	0	0	0	0	0	0	0	0	2	2	2	2	2	2	2	2	2
TXNIP	0	0	0	1	1	0	0	0	0	0	0	0	0	0	0	0	0	0	0	0	0	0
EPHA7	1	1	1	0	1	0	0	0	1	0	0	0	0	2	2	2	2	6	2	2	2	2
CDK4	1	1	1	1	0	0	0	0	0	0	1	0	0	4	4	4	4	4	4	8	4	4
SPOP	1	1	1	1	0	0	0	0	0	1	0	0	0	4	4	4	4	4	8	4	4	4
IFNAR1	0	0	1	0	0	0	0	0	0	0	0	0	0	1	1	1	1	1	1	1	1	1
EPS15	1	1	1	0	0	0	0	0	0	1	0	0	0	3	3	3	3	3	7	3	3	3
ELK4	1	1	0	0	0	0	0	0	0	0	0	0	0	2	2	2	2	2	2	2	2	2
HIST1H3B	1	1	1	0	0	1	0	0	0	0	0	0	0	3	7	3	3	3	3	3	3	3
MYD88	1	1	1	1	0	0	0	0	0	0	0	0	0	4	4	4	4	4	4	4	4	4
THRAP3	1	1	0	1	0	0	0	0	0	0	0	0	0	3	3	3	3	3	3	3	3	3
GNAS	1	1	1	1	0	1	0	0	0	0	0	1	0	4	8	4	4	4	4	4	8	4
PCDHB8	0	0	0	0	1	0	0	0	0	0	0	0	0	-1	-1	-1	-1	-1	-1	-1	-1	-1
HMCN1	0	0	0	0	1	0	0	0	0	0	0	0	0	-1	-1	-1	-1	-1	-1	-1	-1	-1
KNL1	1	1	0	0	0	0	0	0	0	0	0	0	0	2	2	2	2	2	2	2	2	2
SRC	1	1	0	0	0	0	0	0	0	0	0	0	0	2	2	2	2	2	2	2	2	2
CALR	1	1	0	0	0	0	0	0	0	0	0	0	0	2	2	2	2	2	2	2	2	2
ZNF292	0	0	0	0	1	0	0	0	0	0	0	0	0	-1	-1	-1	-1	-1	-1	-1	-1	-1
CTCF	1	1	1	1	0	1	0	0	0	0	0	0	0	4	8	4	4	4	4	4	4	4
SPTAN1	0	0	0	1	0	0	0	0	0	0	0	0	0	1	1	1	1	1	1	1	1	1
NT5C2	1	1	0	0	0	0	0	0	0	0	0	0	0	2	2	2	2	2	2	2	2	2
ISX	1	1	0	0	0	0	0	0	0	0	0	0	0	2	2	2	2	2	2	2	2	2
TENT5C	0	1	0	0	0	0	0	0	0	0	0	0	0	1	1	1	1	1	1	1	1	1
IRF6	0	0	0	1	0	0	0	0	0	0	0	0	0	1	1	1	1	1	1	1	1	1
PCM1	1	1	0	0	0	0	0	0	0	0	0	0	0	2	2	2	2	2	2	2	2	2
FGFR1	1	1	1	1	0	0	0	0	0	1	0	0	0	4	4	4	4	4	8	4	4	4
HLA-B	0	0	1	1	0	0	0	0	0	0	0	0	0	2	2	2	2	2	2	2	2	2
RNF6	0	0	1	0	0	0	0	0	0	0	0	1	0	1	1	1	1	1	1	1	5	1
DIAPH2	0	0	0	1	0	0	0	0	0	0	0	0	0	1	1	1	1	1	1	1	1	1
BIRC3	1	1	1	0	0	0	0	0	0	0	0	0	0	3	3	3	3	3	3	3	3	3
SBDS	1	1	0	0	0	0	0	0	0	0	0	0	0	2	2	2	2	2	2	2	2	2
RIPK1	0	0	1	0	0	0	0	0	0	0	0	0	0	1	1	1	1	1	1	1	1	1
UGT2B17	0	0	1	0	0	0	0	0	0	0	0	0	0	1	1	1	1	1	1	1	1	1
CBFB	1	1	1	1	0	1	0	0	0	0	0	0	0	4	8	4	4	4	4	4	4	4
LEPROTL1	1	1	0	0	0	0	0	0	0	0	0	0	0	2	2	2	2	2	2	2	2	2
CRNKL1	1	1	1	0	0	0	0	0	0	0	1	0	0	3	3	3	3	3	3	7	3	3
IL6ST	1	1	1	1	0	0	0	0	0	0	0	0	0	4	4	4	4	4	4	4	4	4
TSHR	1	1	0	0	0	0	0	0	0	0	0	0	0	2	2	2	2	2	2	2	2	2
PRF1	1	1	1	0	0	0	0	0	0	0	0	0	1	3	3	3	3	3	3	3	3	7
ESRRA	0	0	1	0	0	0	0	0	0	0	0	0	0	1	1	1	1	1	1	1	1	1
ITK	1	1	0	0	0	0	0	0	0	0	0	0	0	2	2	2	2	2	2	2	2	2
MLLT1	1	1	1	0	0	0	0	0	0	0	0	0	0	3	3	3	3	3	3	3	3	3
SOX21	1	1	1	0	0	0	0	0	0	1	0	0	0	3	3	3	3	3	7	3	3	3
AMPH	0	0	0	0	1	0	0	0	0	0	0	0	0	-1	-1	-1	-1	-1	-1	-1	-1	-1
PAX5	1	1	0	1	0	0	0	0	0	0	0	0	0	3	3	3	3	3	3	3	3	3
CLTC	1	1	1	0	0	1	0	0	0	0	0	0	0	3	7	3	3	3	3	3	3	3
NALCN	0	0	0	0	1	0	0	0	0	0	0	0	0	-1	-1	-1	-1	-1	-1	-1	-1	-1
EFTUD2	0	0	1	0	0	0	0	0	0	0	0	0	0	1	1	1	1	1	1	1	1	1
GPHN	1	1	0	0	0	0	0	0	0	0	0	0	0	2	2	2	2	2	2	2	2	2
CLSTN2	0	0	0	0	1	0	0	0	0	0	0	0	0	-1	-1	-1	-1	-1	-1	-1	-1	-1
TPM3	1	1	0	0	0	0	0	0	0	0	0	0	0	2	2	2	2	2	2	2	2	2
GLI3	0	0	0	0	1	0	0	0	0	0	0	0	0	-1	-1	-1	-1	-1	-1	-1	-1	-1
SHTN1	1	1	0	0	0	0	0	0	0	0	0	0	0	2	2	2	2	2	2	2	2	2
TAF15	1	1	1	0	0	0	0	0	0	0	0	0	0	3	3	3	3	3	3	3	3	3
ZNF133	0	0	0	1	0	0	0	0	0	0	0	0	0	1	1	1	1	1	1	1	1	1
UBR5	1	1	1	0	0	0	0	0	0	0	1	0	0	3	3	3	3	3	3	7	3	3
JAK2	1	1	1	1	0	1	0	0	0	0	0	0	0	4	8	4	4	4	4	4	4	4
PRPF40B	1	1	0	0	0	0	0	0	0	0	0	0	0	2	2	2	2	2	2	2	2	2
KDM3B	0	0	1	0	0	0	0	0	0	0	0	0	0	1	1	1	1	1	1	1	1	1
FAM135B	1	1	1	0	0	0	0	0	0	0	0	0	0	3	3	3	3	3	3	3	3	3
PLAG1	1	1	1	0	0	1	0	0	0	0	0	0	0	3	7	3	3	3	3	3	3	3
AFDN	1	1	0	0	0	0	0	0	0	0	0	0	0	2	2	2	2	2	2	2	2	2
PSIP1	1	1	1	1	0	0	0	0	0	0	0	0	0	4	4	4	4	4	4	4	4	4
RAD21	1	1	1	1	0	0	0	0	0	0	0	0	0	4	4	4	4	4	4	4	4	4
LPP	1	1	1	0	0	0	0	0	0	0	0	0	0	3	3	3	3	3	3	3	3	3
GMPS	1	1	1	0	0	0	0	0	0	0	0	0	0	3	3	3	3	3	3	3	3	3
TBX3	1	1	1	1	0	1	0	0	0	0	0	1	0	4	8	4	4	4	4	4	8	4
LTB	0	0	1	0	0	0	0	0	0	0	0	0	0	1	1	1	1	1	1	1	1	1
CSDE1	0	0	0	1	0	0	0	0	0	0	0	0	0	1	1	1	1	1	1	1	1	1
SMAD3	1	1	1	0	0	0	0	0	0	0	0	1	0	3	3	3	3	3	3	3	7	3
TOP2A	0	0	1	0	0	0	0	0	0	0	0	0	1	1	1	1	1	1	1	1	1	5
SCN5A	0	0	0	0	1	0	0	0	0	0	0	0	0	-1	-1	-1	-1	-1	-1	-1	-1	-1
AFF4	1	1	0	0	0	0	0	0	0	0	0	0	0	2	2	2	2	2	2	2	2	2
CCDC6	1	1	1	0	0	0	0	0	0	0	0	1	0	3	3	3	3	3	3	3	7	3
ASH1L	0	0	0	0	1	0	0	0	0	0	0	0	0	-1	-1	-1	-1	-1	-1	-1	-1	-1
EP400	0	0	0	0	1	0	0	0	0	0	0	0	0	-1	-1	-1	-1	-1	-1	-1	-1	-1
ARID2	1	1	1	1	0	0	0	0	1	0	1	0	1	4	4	4	4	8	4	8	4	8
NPM1	1	1	1	1	0	0	0	0	0	0	0	0	0	4	4	4	4	4	4	4	4	4
MYCL	1	1	0	0	0	0	0	0	0	0	0	0	0	2	2	2	2	2	2	2	2	2
RNF213	1	1	1	0	0	0	0	0	0	1	0	0	0	3	3	3	3	3	7	3	3	3
SLC45A3	1	1	1	0	0	0	0	0	0	0	1	0	0	3	3	3	3	3	3	7	3	3
A1CF	1	1	0	0	0	0	0	0	0	0	0	0	0	2	2	2	2	2	2	2	2	2
TBL1XR1	1	1	1	1	0	0	0	0	0	0	0	0	0	4	4	4	4	4	4	4	4	4
TRD	0	1	0	0	0	0	0	0	0	0	0	0	0	1	1	1	1	1	1	1	1	1
ASTN2	0	0	0	0	1	0	0	0	0	0	0	0	0	-1	-1	-1	-1	-1	-1	-1	-1	-1
ACVR1B	1	0	0	1	0	0	0	0	0	0	0	0	0	2	2	2	2	2	2	2	2	2
GOLGA5	1	1	0	0	0	0	0	0	0	0	0	0	0	2	2	2	2	2	2	2	2	2
MTCP1	1	1	1	0	0	0	0	0	0	0	0	1	0	3	3	3	3	3	3	3	7	3
ADGRL2	0	0	0	0	1	0	0	0	0	0	0	0	0	-1	-1	-1	-1	-1	-1	-1	-1	-1
OR4L1	0	0	0	0	1	0	0	0	0	0	0	0	0	-1	-1	-1	-1	-1	-1	-1	-1	-1
IRF4	1	1	1	0	0	0	0	0	0	0	0	0	0	3	3	3	3	3	3	3	3	3
MALAT1	0	1	0	0	0	0	0	0	0	0	0	0	0	1	1	1	1	1	1	1	1	1
FUS	1	1	0	0	0	0	0	0	0	0	0	0	0	2	2	2	2	2	2	2	2	2
OR8H2	0	0	0	0	1	0	0	0	0	0	0	0	0	-1	-1	-1	-1	-1	-1	-1	-1	-1
ZFX	0	0	1	0	0	0	0	0	0	0	1	0	0	1	1	1	1	1	1	5	1	1
RIMS2	0	0	0	0	1	0	0	0	0	0	0	0	0	-1	-1	-1	-1	-1	-1	-1	-1	-1
DOCK4	0	0	0	0	1	0	0	0	0	0	0	0	0	-1	-1	-1	-1	-1	-1	-1	-1	-1
GATA1	1	1	1	0	0	1	0	0	0	0	0	0	0	3	7	3	3	3	3	3	3	3
ETNK1	1	1	0	0	0	0	0	0	0	0	0	0	0	2	2	2	2	2	2	2	2	2
PREX2	1	1	1	0	1	1	0	0	0	1	1	0	0	2	6	2	2	2	6	6	2	2
MYH11	1	1	1	0	0	1	0	0	0	1	0	0	0	3	7	3	3	3	7	3	3	3
MB21D2	1	1	1	0	0	0	0	0	1	0	0	0	0	3	3	3	3	7	3	3	3	3
CREBBP	1	1	1	1	0	1	0	0	0	0	0	0	0	4	8	4	4	4	4	4	4	4
IGF2BP2	1	1	0	0	0	0	0	0	0	0	0	0	0	2	2	2	2	2	2	2	2	2
DTX1	0	0	1	0	0	0	0	0	0	0	0	0	0	1	1	1	1	1	1	1	1	1
WNK4	0	0	1	0	0	0	0	0	0	0	0	0	0	1	1	1	1	1	1	1	1	1
DNMT3A	1	1	1	1	0	0	0	0	0	1	0	0	0	4	4	4	4	4	8	4	4	4
ARID1B	1	1	1	0	0	1	0	0	0	0	0	1	0	3	7	3	3	3	3	3	7	3
SPTA1	0	0	0	1	1	0	0	0	0	0	0	0	0	0	0	0	0	0	0	0	0	0
NFIB	1	1	0	0	0	0	0	0	0	0	0	0	0	2	2	2	2	2	2	2	2	2
ETV1	1	1	0	0	0	0	0	0	0	0	0	0	0	2	2	2	2	2	2	2	2	2
HOXA11	1	1	1	0	0	0	0	0	0	0	0	0	0	3	3	3	3	3	3	3	3	3
ZBTB16	1	1	1	0	0	1	0	0	0	1	0	0	0	3	7	3	3	3	7	3	3	3
LATS2	0	1	1	1	0	0	0	0	0	0	0	0	0	3	3	3	3	3	3	3	3	3
PLXNB2	0	0	0	1	0	0	0	0	0	0	0	0	0	1	1	1	1	1	1	1	1	1
CSMD1	0	0	0	0	1	0	0	0	0	0	0	0	0	-1	-1	-1	-1	-1	-1	-1	-1	-1
CUL1	0	0	0	1	0	0	0	0	0	0	0	0	0	1	1	1	1	1	1	1	1	1
PCSK5	0	0	0	0	1	0	0	0	0	0	0	0	0	-1	-1	-1	-1	-1	-1	-1	-1	-1
SDC4	1	1	1	0	0	0	0	0	0	0	0	0	1	3	3	3	3	3	3	3	3	7
OR51I2	0	0	0	0	1	0	0	0	0	0	0	0	0	-1	-1	-1	-1	-1	-1	-1	-1	-1
IRS4	1	1	1	0	0	0	0	0	0	0	0	0	0	3	3	3	3	3	3	3	3	3
NSD2	1	1	1	0	0	0	0	0	0	0	0	0	0	3	3	3	3	3	3	3	3	3
DUSP16	0	0	1	0	0	0	0	0	0	0	0	1	0	1	1	1	1	1	1	1	5	1
PLCG1	1	1	1	1	0	0	0	0	0	0	0	0	0	4	4	4	4	4	4	4	4	4
TCL1A	1	1	0	0	0	0	0	0	0	0	0	0	0	2	2	2	2	2	2	2	2	2
PTPN11	1	1	1	1	0	0	1	0	0	0	0	1	0	4	4	8	4	4	4	4	8	4
PER1	1	1	0	0	0	0	0	0	0	0	0	0	0	2	2	2	2	2	2	2	2	2
ZC3H12A	0	0	0	1	0	0	0	0	0	0	0	0	0	1	1	1	1	1	1	1	1	1
TMEM132B	0	0	0	0	1	0	0	0	0	0	0	0	0	-1	-1	-1	-1	-1	-1	-1	-1	-1
ERCC2	1	1	1	1	0	0	0	0	0	0	0	0	0	4	4	4	4	4	4	4	4	4
WAS	1	1	1	0	0	0	0	0	0	0	0	0	0	3	3	3	3	3	3	3	3	3
DCLK1	0	0	0	0	1	0	0	0	0	0	0	0	0	-1	-1	-1	-1	-1	-1	-1	-1	-1
FEN1	1	1	0	0	0	0	0	0	0	0	0	0	0	2	2	2	2	2	2	2	2	2
KLHL6	0	0	1	0	0	0	0	0	0	0	0	0	0	1	1	1	1	1	1	1	1	1
ZNF536	0	0	0	0	1	0	0	0	0	0	0	0	0	-1	-1	-1	-1	-1	-1	-1	-1	-1
HRAS	1	1	1	1	0	1	0	0	0	1	1	1	0	4	8	4	4	4	8	8	8	4
CTNNA2	1	1	0	0	1	0	0	0	0	0	0	0	0	1	1	1	1	1	1	1	1	1
SPECC1	1	1	0	0	0	0	0	0	0	0	0	0	0	2	2	2	2	2	2	2	2	2
NKTR	0	0	1	0	0	0	0	0	0	0	0	0	0	1	1	1	1	1	1	1	1	1
ALK	1	1	1	1	0	1	0	0	0	1	0	0	0	4	8	4	4	4	8	4	4	4
CCNB1IP1	1	1	0	0	0	0	0	0	0	0	0	0	0	2	2	2	2	2	2	2	2	2
NT5C3A	0	0	1	0	0	0	0	0	0	0	0	0	0	1	1	1	1	1	1	1	1	1
EZH2	1	1	1	1	0	0	0	0	1	0	0	0	0	4	4	4	4	8	4	4	4	4
PABPC1	1	1	1	0	0	0	0	0	0	0	0	0	0	3	3	3	3	3	3	3	3	3
CARD11	1	1	1	1	0	0	0	0	0	0	0	1	0	4	4	4	4	4	4	4	8	4
RBM38	0	0	1	0	0	0	0	0	0	0	0	0	0	1	1	1	1	1	1	1	1	1
N4BP2	1	1	0	0	0	0	0	0	0	0	0	0	0	2	2	2	2	2	2	2	2	2
PDPR	0	0	1	0	0	0	0	0	0	0	0	0	0	1	1	1	1	1	1	1	1	1
MCM3AP	0	0	1	0	0	0	0	0	0	0	0	0	0	1	1	1	1	1	1	1	1	1
PMS1	1	1	0	1	0	0	0	0	0	0	0	0	0	3	3	3	3	3	3	3	3	3
PAX7	1	1	0	0	0	0	0	0	0	0	0	0	0	2	2	2	2	2	2	2	2	2
NEFH	0	0	1	0	0	0	0	0	0	0	0	0	0	1	1	1	1	1	1	1	1	1
ELN	1	1	1	0	0	1	0	0	0	0	0	0	0	3	7	3	3	3	3	3	3	3
AFF1	1	1	1	0	0	0	0	0	0	0	1	0	0	3	3	3	3	3	3	7	3	3
ARHGEF12	1	1	1	0	0	1	0	0	0	0	0	0	1	3	7	3	3	3	3	3	3	7
CEP89	1	1	0	0	0	0	0	0	0	0	0	0	0	2	2	2	2	2	2	2	2	2
TCF12	1	1	0	1	0	0	0	0	0	0	0	0	0	3	3	3	3	3	3	3	3	3
ZNF429	1	1	1	0	0	0	0	0	0	1	0	0	0	3	3	3	3	3	7	3	3	3
KNSTRN	1	1	0	0	0	0	0	0	0	0	0	0	0	2	2	2	2	2	2	2	2	2
STK11	1	1	1	1	0	0	0	0	1	0	0	0	0	4	4	4	4	8	4	4	4	4
ZNF626	0	0	1	0	0	0	0	0	0	0	0	0	0	1	1	1	1	1	1	1	1	1
SCAF4	0	0	0	1	0	0	0	0	0	0	0	0	0	1	1	1	1	1	1	1	1	1
BRD4	1	1	1	0	0	0	0	0	0	1	0	0	0	3	3	3	3	3	7	3	3	3
CCNC	1	1	0	0	0	0	0	0	0	0	0	0	0	2	2	2	2	2	2	2	2	2
CEP170	0	0	0	0	1	0	0	0	0	0	0	0	0	-1	-1	-1	-1	-1	-1	-1	-1	-1
CHD3	0	0	0	1	0	0	0	0	0	0	0	0	0	1	1	1	1	1	1	1	1	1
STAT3	1	1	1	0	0	0	0	0	0	0	0	0	0	3	3	3	3	3	3	3	3	3
PDS5B	0	0	0	1	0	0	0	0	0	0	0	0	0	1	1	1	1	1	1	1	1	1
TPM4	1	1	0	0	0	0	0	0	0	0	0	0	0	2	2	2	2	2	2	2	2	2
COX6C	1	1	0	0	0	0	0	0	0	0	0	0	0	2	2	2	2	2	2	2	2	2
MUC6	0	0	0	1	1	0	0	0	0	0	0	0	0	0	0	0	0	0	0	0	0	0
STK19	0	0	0	0	1	0	0	0	0	0	0	0	0	-1	-1	-1	-1	-1	-1	-1	-1	-1
KLF4	1	1	1	0	0	1	0	0	0	0	0	0	0	3	7	3	3	3	3	3	3	3
MTOR	1	1	1	1	0	1	0	1	0	0	0	1	0	4	8	4	8	4	4	4	8	4
TRRAP	1	1	1	0	1	0	0	0	0	0	1	0	0	2	2	2	2	2	2	6	2	2
ASXL1	1	1	1	1	0	1	0	1	0	1	0	0	0	4	8	4	8	4	8	4	4	4
NUTM2A	1	0	0	0	0	0	0	0	0	0	0	0	0	1	1	1	1	1	1	1	1	1
LRIG3	1	1	1	0	0	0	0	0	1	0	0	0	0	3	3	3	3	7	3	3	3	3
MLF1	1	1	0	0	0	0	0	0	0	0	0	0	0	2	2	2	2	2	2	2	2	2
RIT1	0	0	0	1	0	0	0	0	0	0	0	0	0	1	1	1	1	1	1	1	1	1
STAT5B	1	1	1	0	0	0	0	0	0	0	0	0	0	3	3	3	3	3	3	3	3	3
HIST1H1E	0	0	0	1	0	0	0	0	0	0	0	0	0	1	1	1	1	1	1	1	1	1
PAK3	0	0	0	0	1	0	0	0	0	0	0	0	0	-1	-1	-1	-1	-1	-1	-1	-1	-1
MDM2	1	1	1	0	0	0	0	0	0	0	0	0	0	3	3	3	3	3	3	3	3	3
ATXN3	0	0	0	1	0	0	0	0	0	0	0	0	0	1	1	1	1	1	1	1	1	1
MSH3	0	0	0	1	0	0	0	0	0	0	0	0	0	1	1	1	1	1	1	1	1	1
BMPR1A	1	1	1	0	0	0	0	0	0	0	0	1	1	3	3	3	3	3	3	3	7	7
ELL	1	1	1	0	0	0	0	0	0	0	1	0	0	3	3	3	3	3	3	7	3	3
WAC	0	0	0	0	1	0	0	0	0	0	0	0	0	-1	-1	-1	-1	-1	-1	-1	-1	-1
CCND1	1	1	1	1	0	0	0	0	0	0	0	0	0	4	4	4	4	4	4	4	4	4
HNRNPA2B1	1	1	1	0	0	0	0	0	0	0	0	0	0	3	3	3	3	3	3	3	3	3
MRTFA	0	1	0	0	0	0	0	0	0	0	0	0	0	1	1	1	1	1	1	1	1	1
ANK1	1	1	0	0	1	0	0	0	0	0	0	0	0	1	1	1	1	1	1	1	1	1
NUP98	1	1	0	0	0	0	0	0	0	0	0	0	0	2	2	2	2	2	2	2	2	2
KRT222	0	0	0	1	0	0	0	0	0	0	0	0	0	1	1	1	1	1	1	1	1	1
ZFP36L2	0	0	0	1	0	0	0	0	0	0	0	0	0	1	1	1	1	1	1	1	1	1
TRPA1	0	0	0	0	1	0	0	0	0	0	0	0	0	-1	-1	-1	-1	-1	-1	-1	-1	-1
USH2A	0	0	0	0	1	0	0	0	0	0	0	0	0	-1	-1	-1	-1	-1	-1	-1	-1	-1
DDX10	1	1	0	0	0	0	0	0	0	0	0	0	0	2	2	2	2	2	2	2	2	2
DTNA	0	0	0	0	1	0	0	0	0	0	0	0	0	-1	-1	-1	-1	-1	-1	-1	-1	-1
RB1	1	1	1	1	0	1	1	0	1	1	1	0	1	4	8	8	4	8	8	8	4	8
ATR	1	1	1	1	0	0	0	0	0	0	1	0	0	4	4	4	4	4	4	8	4	4
BTK	1	1	1	0	1	0	0	0	1	0	0	0	0	2	2	2	2	6	2	2	2	2
CDK12	1	1	1	1	0	0	0	0	0	1	1	0	1	4	4	4	4	4	8	8	4	8
ITGA4	0	0	0	0	1	0	0	0	0	0	0	0	0	-1	-1	-1	-1	-1	-1	-1	-1	-1
KAT6B	1	1	1	0	0	1	0	0	0	1	0	0	0	3	7	3	3	3	7	3	3	3
TCF3	1	1	0	0	0	0	0	0	0	0	0	0	0	2	2	2	2	2	2	2	2	2
AXIN2	1	1	1	1	0	0	0	0	0	0	0	0	0	4	4	4	4	4	4	4	4	4
FN1	0	0	1	0	0	0	0	0	0	0	0	0	0	1	1	1	1	1	1	1	1	1
KCNJ5	1	1	0	0	0	0	0	0	0	0	0	0	0	2	2	2	2	2	2	2	2	2
FUBP1	1	1	1	1	0	0	0	0	0	0	0	0	0	4	4	4	4	4	4	4	4	4
POLD1	1	1	1	0	0	1	0	0	0	0	0	0	0	3	7	3	3	3	3	3	3	3
NFATC2	1	1	1	0	0	0	0	0	0	0	0	0	0	3	3	3	3	3	3	3	3	3
NF2	1	1	1	1	0	0	0	1	0	0	0	0	0	4	4	4	8	4	4	4	4	4
CD70	0	0	0	1	0	0	0	0	0	0	0	0	0	1	1	1	1	1	1	1	1	1
SSX4	1	1	0	0	0	0	0	0	0	0	0	0	0	2	2	2	2	2	2	2	2	2
POU5F1	1	1	0	0	0	0	0	0	0	0	0	0	0	2	2	2	2	2	2	2	2	2
RFWD3	1	1	0	0	0	0	0	0	0	0	0	0	0	2	2	2	2	2	2	2	2	2
MLLT10	1	1	0	0	1	0	0	0	0	0	0	0	0	1	1	1	1	1	1	1	1	1
POLE	1	1	1	1	0	0	0	0	0	0	0	0	0	4	4	4	4	4	4	4	4	4
MARK2	0	0	1	0	0	0	0	0	0	0	0	0	0	1	1	1	1	1	1	1	1	1
PLEC	0	0	0	0	1	0	0	0	0	0	0	0	0	-1	-1	-1	-1	-1	-1	-1	-1	-1
FBXO11	1	1	1	0	0	0	0	0	0	0	0	0	0	3	3	3	3	3	3	3	3	3
TFAP4	0	0	1	0	0	0	0	0	0	0	0	0	0	1	1	1	1	1	1	1	1	1
OR10AG1	0	0	0	0	1	0	0	0	0	0	0	0	0	-1	-1	-1	-1	-1	-1	-1	-1	-1
FAM186A	0	0	1	0	0	0	0	0	0	0	0	0	0	1	1	1	1	1	1	1	1	1
ACAN	0	0	0	0	1	0	0	0	0	0	0	0	0	-1	-1	-1	-1	-1	-1	-1	-1	-1
PPM1D	1	1	1	1	0	0	0	0	0	0	0	0	0	4	4	4	4	4	4	4	4	4
UBE2A	0	0	1	0	0	0	0	0	0	0	0	0	0	1	1	1	1	1	1	1	1	1
BCOR	1	1	1	1	0	0	1	0	0	0	0	1	1	4	4	8	4	4	4	4	8	8
PRKACA	1	1	0	0	0	0	0	0	0	0	0	0	0	2	2	2	2	2	2	2	2	2
ZEB2	0	0	0	0	1	0	0	0	0	0	0	0	0	-1	-1	-1	-1	-1	-1	-1	-1	-1
CASP8	1	1	1	1	0	1	0	0	0	0	0	0	1	4	8	4	4	4	4	4	4	8
LARP4B	1	1	0	0	0	0	0	0	0	0	0	0	0	2	2	2	2	2	2	2	2	2
RBFOX1	0	0	1	0	0	0	0	0	0	1	0	0	0	1	1	1	1	1	5	1	1	1
PRDM16	1	1	0	0	0	0	0	0	0	0	0	0	0	2	2	2	2	2	2	2	2	2
RABEP1	1	1	1	0	0	0	0	0	0	0	0	0	0	3	3	3	3	3	3	3	3	3
H3F3A	1	1	1	1	0	0	0	0	0	0	0	0	0	4	4	4	4	4	4	4	4	4
LEF1	1	1	0	0	0	0	0	0	0	0	0	0	0	2	2	2	2	2	2	2	2	2
CDKN1B	1	1	1	1	0	1	0	0	0	1	0	0	0	4	8	4	4	4	8	4	4	4
TRIP11	1	1	1	0	0	0	0	0	0	0	0	0	0	3	3	3	3	3	3	3	3	3
ZEB1	1	1	1	0	0	0	0	0	0	0	0	0	0	3	3	3	3	3	3	3	3	3
PIK3CB	1	1	1	1	0	0	1	0	0	1	0	0	0	4	4	8	4	4	8	4	4	4
USP44	1	1	1	0	0	0	0	0	0	0	0	0	0	3	3	3	3	3	3	3	3	3
CYSLTR2	1	1	1	1	0	0	0	0	0	0	0	0	0	4	4	4	4	4	4	4	4	4
CUX1	1	1	1	0	0	1	1	0	1	0	1	0	0	3	7	7	3	7	3	7	3	3
MYO5A	1	1	1	0	0	1	0	0	0	0	0	0	0	3	7	3	3	3	3	3	3	3
FLNA	1	1	0	1	0	0	0	0	0	0	0	0	0	3	3	3	3	3	3	3	3	3
CHEK2	1	1	1	1	0	0	0	0	0	0	0	0	0	4	4	4	4	4	4	4	4	4
KEL	0	0	1	1	0	0	0	0	0	0	0	0	0	2	2	2	2	2	2	2	2	2
PTPRC	1	1	1	1	1	0	0	0	0	0	1	1	0	3	3	3	3	3	3	7	7	3
PLCB4	0	0	1	1	1	0	0	0	0	0	0	0	0	1	1	1	1	1	1	1	1	1
ZNF831	0	0	0	0	1	0	0	0	0	0	0	0	0	-1	-1	-1	-1	-1	-1	-1	-1	-1
CXCR4	1	1	1	0	0	0	0	0	0	0	0	0	0	3	3	3	3	3	3	3	3	3
FGFR4	1	1	1	0	0	0	1	0	0	0	0	0	0	3	3	7	3	3	3	3	3	3
CYLD	1	1	1	1	0	0	0	0	0	0	0	0	0	4	4	4	4	4	4	4	4	4
CD58	0	0	1	0	0	0	0	0	0	0	0	0	0	1	1	1	1	1	1	1	1	1
FIP1L1	1	1	0	0	0	0	0	0	0	0	0	0	0	2	2	2	2	2	2	2	2	2
GATA3	1	1	1	1	0	1	0	0	0	0	0	0	0	4	8	4	4	4	4	4	4	4
MYB	1	1	0	0	1	0	0	0	0	0	0	0	0	1	1	1	1	1	1	1	1	1
NCOA1	1	1	1	0	0	1	0	0	0	0	0	0	0	3	7	3	3	3	3	3	3	3
ADGRB3	0	0	0	0	1	0	0	0	0	0	0	0	0	-1	-1	-1	-1	-1	-1	-1	-1	-1
PTK6	1	1	0	0	0	0	0	0	0	0	0	0	0	2	2	2	2	2	2	2	2	2
NR4A2	0	0	0	0	1	0	0	0	0	0	0	0	0	-1	-1	-1	-1	-1	-1	-1	-1	-1
BCL3	1	1	0	0	0	0	0	0	0	0	0	0	0	2	2	2	2	2	2	2	2	2
SIX1	1	1	1	0	0	0	0	0	0	0	0	0	0	3	3	3	3	3	3	3	3	3
CREB1	1	1	0	0	0	0	0	0	0	0	0	0	0	2	2	2	2	2	2	2	2	2
ING1	0	0	1	0	0	0	0	0	0	0	0	0	0	1	1	1	1	1	1	1	1	1
BMPR2	0	0	1	0	0	0	0	0	0	0	0	0	1	1	1	1	1	1	1	1	1	5
IRF2	0	0	0	1	0	0	0	0	0	0	0	0	0	1	1	1	1	1	1	1	1	1
SCN9A	0	0	0	0	1	0	0	0	0	0	0	0	0	-1	-1	-1	-1	-1	-1	-1	-1	-1
NTRK3	1	1	1	0	0	0	0	0	0	0	0	0	1	3	3	3	3	3	3	3	3	7
SUFU	1	1	0	0	0	0	0	0	0	0	0	0	0	2	2	2	2	2	2	2	2	2
DNAH3	0	0	0	0	1	0	0	0	0	0	0	0	0	-1	-1	-1	-1	-1	-1	-1	-1	-1
RIMBP2	0	0	0	0	1	0	0	0	0	0	0	0	0	-1	-1	-1	-1	-1	-1	-1	-1	-1
DHX9	0	0	1	1	0	0	0	0	0	0	0	0	0	2	2	2	2	2	2	2	2	2
KMT2D	1	1	1	1	0	1	1	0	0	1	0	0	1	4	8	8	4	4	8	4	4	8
SMC3	0	0	0	1	0	0	0	0	0	0	0	0	0	1	1	1	1	1	1	1	1	1
CARS	1	1	1	0	0	0	0	0	0	0	0	0	1	3	3	3	3	3	3	3	3	7
PIK3CA	1	1	1	1	0	1	1	1	1	1	1	1	1	4	8	8	8	8	8	8	8	8
PDGFB	1	1	0	0	0	0	0	0	0	0	0	0	0	2	2	2	2	2	2	2	2	2
TRAF7	1	1	0	0	0	0	0	0	0	0	0	0	0	2	2	2	2	2	2	2	2	2
RGPD3	1	1	1	0	1	0	0	0	0	0	1	0	0	2	2	2	2	2	2	6	2	2
C15orf65	1	1	0	0	0	0	0	0	0	0	0	0	0	2	2	2	2	2	2	2	2	2
PATZ1	1	1	0	0	0	0	0	0	0	0	0	0	0	2	2	2	2	2	2	2	2	2
COL14A1	0	0	0	0	1	0	0	0	0	0	0	0	0	-1	-1	-1	-1	-1	-1	-1	-1	-1
RET	1	1	1	1	0	0	0	0	1	0	1	0	0	4	4	4	4	8	4	8	4	4
SNX29	1	1	0	0	0	0	0	0	0	0	0	0	0	2	2	2	2	2	2	2	2	2
SLC4A10	0	0	0	0	1	0	0	0	0	0	0	0	0	-1	-1	-1	-1	-1	-1	-1	-1	-1
EPHA3	1	1	1	1	0	1	0	0	0	1	1	1	0	4	8	4	4	4	8	8	8	4
POLQ	1	1	1	1	0	0	0	0	0	0	1	0	0	4	4	4	4	4	4	8	4	4
ATXN1	0	0	0	0	1	0	0	0	0	0	0	0	0	-1	-1	-1	-1	-1	-1	-1	-1	-1
CDK6	1	1	0	0	0	0	0	0	0	0	0	0	0	2	2	2	2	2	2	2	2	2
BCL9L	1	1	1	0	0	0	0	0	0	0	0	1	0	3	3	3	3	3	3	3	7	3
AMER1	1	1	1	1	0	0	0	0	0	0	0	1	0	4	4	4	4	4	4	4	8	4
OR11L1	0	0	0	0	1	0	0	0	0	0	0	0	0	-1	-1	-1	-1	-1	-1	-1	-1	-1
BRD3	1	1	0	0	0	0	0	0	0	0	0	0	0	2	2	2	2	2	2	2	2	2
DPP6	0	0	0	0	1	0	0	0	0	0	0	0	0	-1	-1	-1	-1	-1	-1	-1	-1	-1
OMD	1	1	0	0	0	0	0	0	0	0	0	0	0	2	2	2	2	2	2	2	2	2
INPPL1	0	0	0	1	0	0	0	0	0	0	0	0	0	1	1	1	1	1	1	1	1	1
ZNF680	0	0	1	0	0	0	0	0	0	0	0	0	0	1	1	1	1	1	1	1	1	1
SH3GL1	1	1	0	0	0	0	0	0	0	0	0	0	0	2	2	2	2	2	2	2	2	2
FBXW7	1	1	1	1	0	1	0	0	0	0	0	1	1	4	8	4	4	4	4	4	8	8
BCL2L12	1	1	1	0	0	0	0	0	0	0	1	0	0	3	3	3	3	3	3	7	3	3
ADAMTS18	0	0	0	0	1	0	0	0	0	0	0	0	0	-1	-1	-1	-1	-1	-1	-1	-1	-1
ZRSR2	1	1	1	0	0	0	0	0	0	0	0	0	0	3	3	3	3	3	3	3	3	3
IRF1	0	0	1	0	0	0	0	0	0	0	0	0	0	1	1	1	1	1	1	1	1	1
ERCC4	1	1	0	0	0	0	0	0	0	0	0	0	0	2	2	2	2	2	2	2	2	2
ARHGAP5	1	1	1	0	1	0	0	0	0	0	0	0	0	2	2	2	2	2	2	2	2	2
TCF7L2	1	1	1	1	0	0	0	0	0	0	0	1	0	4	4	4	4	4	4	4	8	4
FGFR2	1	1	1	1	0	1	0	0	0	0	0	0	0	4	8	4	4	4	4	4	4	4
SUZ12	1	1	1	0	0	0	0	0	0	1	0	0	0	3	3	3	3	3	7	3	3	3
RPL5	1	1	0	1	0	0	0	0	0	0	0	0	0	3	3	3	3	3	3	3	3	3
CD209	1	1	0	0	0	0	0	0	0	0	0	0	0	2	2	2	2	2	2	2	2	2
SKI	1	1	0	0	0	0	0	0	0	0	0	0	0	2	2	2	2	2	2	2	2	2
ATG7	0	0	1	0	0	0	0	1	0	0	0	0	0	1	1	1	5	1	1	1	1	1
NFKBIA	0	0	1	0	0	0	0	0	0	0	0	0	0	1	1	1	1	1	1	1	1	1
IDH1	1	1	1	1	0	0	1	0	0	1	1	0	0	4	4	8	4	4	8	8	4	4
CNOT9	0	0	1	0	0	0	0	0	0	0	1	0	0	1	1	1	1	1	1	5	1	1
PML	1	1	1	0	0	0	0	0	0	0	0	0	0	3	3	3	3	3	3	3	3	3
PDZD2	0	0	0	0	1	0	0	0	0	0	0	0	0	-1	-1	-1	-1	-1	-1	-1	-1	-1
SEMA5A	0	0	0	0	1	0	0	0	0	0	0	0	0	-1	-1	-1	-1	-1	-1	-1	-1	-1
RRAS2	0	0	1	1	0	0	0	0	0	0	0	0	0	2	2	2	2	2	2	2	2	2
ARHGAP35	0	0	1	1	0	0	0	0	0	0	0	0	0	2	2	2	2	2	2	2	2	2
WDR45	0	0	1	0	0	0	0	0	0	0	0	0	0	1	1	1	1	1	1	1	1	1
RGL3	0	0	1	0	0	0	0	0	0	0	0	0	0	1	1	1	1	1	1	1	1	1
ITGAV	1	1	0	0	1	0	0	0	0	0	0	0	0	1	1	1	1	1	1	1	1	1
ATM	1	1	1	1	0	1	0	1	1	1	0	1	1	4	8	4	8	8	8	4	8	8
PCLO	0	0	0	0	1	0	0	0	0	0	0	0	0	-1	-1	-1	-1	-1	-1	-1	-1	-1
GUCY1A2	0	0	0	0	1	0	0	0	0	0	0	0	0	-1	-1	-1	-1	-1	-1	-1	-1	-1
NKX2-1	1	1	1	0	0	0	0	0	0	0	0	0	0	3	3	3	3	3	3	3	3	3
EHD2	0	0	1	0	0	0	0	0	0	1	0	0	0	1	1	1	1	1	5	1	1	1
ROBO2	1	1	0	0	1	0	0	0	0	0	0	0	0	1	1	1	1	1	1	1	1	1
MAP3K1	1	1	1	1	0	1	1	0	0	0	0	1	0	4	8	8	4	4	4	4	8	4
LRP2	0	0	0	0	1	0	0	0	0	0	0	0	0	-1	-1	-1	-1	-1	-1	-1	-1	-1
ELF4	1	1	1	0	0	0	0	0	0	0	0	0	0	3	3	3	3	3	3	3	3	3
RHOA	1	1	1	1	0	0	0	0	0	1	0	0	1	4	4	4	4	4	8	4	4	8
RAP1GDS1	1	1	1	0	0	0	0	1	0	0	0	0	0	3	3	3	7	3	3	3	3	3
DOCK2	0	0	0	0	1	0	0	0	0	0	0	0	0	-1	-1	-1	-1	-1	-1	-1	-1	-1
IGL	0	1	0	0	0	0	0	0	0	0	0	0	0	1	1	1	1	1	1	1	1	1
CTNNB1	1	1	1	1	0	0	0	0	1	1	0	1	1	4	4	4	4	8	8	4	8	8
FAM174B	0	0	1	0	0	0	0	0	0	1	0	0	0	1	1	1	1	1	5	1	1	1
KDM6A	1	1	1	1	0	1	0	0	0	1	0	0	1	4	8	4	4	4	8	4	4	8
MYH9	1	1	1	1	0	1	0	0	0	0	0	1	1	4	8	4	4	4	4	4	8	8
MITF	1	1	0	0	0	0	0	0	0	0	0	0	0	2	2	2	2	2	2	2	2	2
CBL	1	1	1	0	0	0	0	0	0	0	0	0	0	3	3	3	3	3	3	3	3	3
CALCR	0	0	0	0	1	0	0	0	0	0	0	0	0	-1	-1	-1	-1	-1	-1	-1	-1	-1
ABCC9	0	0	0	0	1	0	0	0	0	0	0	0	0	-1	-1	-1	-1	-1	-1	-1	-1	-1
FBLN1	0	0	1	0	0	0	0	0	0	0	0	0	0	1	1	1	1	1	1	1	1	1
MPL	1	1	0	0	0	0	0	0	0	0	0	0	0	2	2	2	2	2	2	2	2	2
AKT2	1	1	0	0	0	0	0	0	0	0	0	0	0	2	2	2	2	2	2	2	2	2
CDH2	0	0	0	0	1	0	0	0	0	0	0	0	0	-1	-1	-1	-1	-1	-1	-1	-1	-1
HSP90AA1	1	1	1	0	0	1	0	0	0	0	0	0	0	3	7	3	3	3	3	3	3	3
ZFHX3	1	1	1	1	0	1	0	0	0	1	0	0	0	4	8	4	4	4	8	4	4	4
BCL6	1	1	1	0	0	0	0	0	0	0	0	0	0	3	3	3	3	3	3	3	3	3
CCND3	1	1	1	0	0	0	0	0	0	0	0	0	0	3	3	3	3	3	3	3	3	3
MLLT11	1	1	0	0	0	0	0	0	0	0	0	0	0	2	2	2	2	2	2	2	2	2
IGH	0	1	0	0	0	0	0	0	0	0	0	0	0	1	1	1	1	1	1	1	1	1
ADGRB1	0	0	1	0	0	0	0	0	0	0	0	0	0	1	1	1	1	1	1	1	1	1
COL1A1	1	1	1	0	0	0	1	0	0	0	1	0	0	3	3	7	3	3	3	7	3	3
RQCD1	0	0	0	1	0	0	0	0	0	0	0	0	0	1	1	1	1	1	1	1	1	1
PCDH18	0	0	0	0	1	0	0	0	0	0	0	0	0	-1	-1	-1	-1	-1	-1	-1	-1	-1
DDR2	1	1	0	0	1	0	0	0	0	0	0	0	0	1	1	1	1	1	1	1	1	1
FOXA1	1	1	1	1	0	1	0	0	0	1	0	0	0	4	8	4	4	4	8	4	4	4
ZFHX4	0	0	0	0	1	0	0	0	0	0	0	0	0	-1	-1	-1	-1	-1	-1	-1	-1	-1
MGAT3	0	0	0	0	1	0	0	0	0	0	0	0	0	-1	-1	-1	-1	-1	-1	-1	-1	-1
MUTYH	1	1	0	0	0	0	0	0	0	0	0	0	0	2	2	2	2	2	2	2	2	2
NONO	1	1	1	0	0	1	0	0	0	0	1	0	0	3	7	3	3	3	3	7	3	3
OR2A2	0	0	0	0	1	0	0	0	0	0	0	0	0	-1	-1	-1	-1	-1	-1	-1	-1	-1
APC	1	1	1	1	0	0	0	0	0	1	1	1	1	4	4	4	4	4	8	8	8	8
KIT	1	1	1	1	0	0	0	0	0	0	1	0	1	4	4	4	4	4	4	8	4	8
FOXO4	1	1	0	0	0	0	0	0	0	0	0	0	0	2	2	2	2	2	2	2	2	2
SF3B1	1	1	1	1	0	1	0	1	0	1	1	0	0	4	8	4	8	4	8	8	4	4
SMO	1	1	1	0	0	0	1	0	0	0	0	0	0	3	3	7	3	3	3	3	3	3
NOTCH2	1	1	1	1	1	1	0	0	0	1	0	0	0	3	7	3	3	3	7	3	3	3
SEPT6	1	1	0	0	0	0	0	0	0	0	0	0	0	2	2	2	2	2	2	2	2	2
SOX9	1	0	1	1	0	0	0	0	0	0	0	1	0	3	3	3	3	3	3	3	7	3
MACC1	0	1	0	0	0	0	0	0	0	0	0	0	0	1	1	1	1	1	1	1	1	1
CDH10	1	1	1	0	0	0	0	0	1	0	0	0	0	3	3	3	3	7	3	3	3	3
NRK	0	0	1	0	1	0	0	0	0	0	0	0	0	0	0	0	0	0	0	0	0	0
AFF3	1	1	1	0	0	1	0	0	0	0	0	0	0	3	7	3	3	3	3	3	3	3
RARA	1	1	1	1	0	0	0	0	0	0	0	0	0	4	4	4	4	4	4	4	4	4
RPL10	1	1	1	0	0	0	0	0	0	0	0	0	0	3	3	3	3	3	3	3	3	3
ACVR1	1	1	1	1	0	0	0	0	0	0	0	0	0	4	4	4	4	4	4	4	4	4
PCBP1	1	1	1	1	0	0	0	0	0	0	0	1	0	4	4	4	4	4	4	4	8	4
CPS1	0	0	0	0	1	0	0	0	0	0	0	0	0	-1	-1	-1	-1	-1	-1	-1	-1	-1
OR4C6	0	0	0	0	1	0	0	0	0	0	0	0	0	-1	-1	-1	-1	-1	-1	-1	-1	-1
SDHAF2	1	1	0	0	0	0	0	0	0	0	0	0	0	2	2	2	2	2	2	2	2	2
CNBP	1	1	0	0	0	0	0	0	0	0	0	0	0	2	2	2	2	2	2	2	2	2
AKT1	1	1	1	1	0	1	0	0	0	1	0	0	0	4	8	4	4	4	8	4	4	4
CTNND1	1	1	0	1	0	0	0	0	0	0	0	0	0	3	3	3	3	3	3	3	3	3
ABCB1	0	0	1	0	1	0	0	0	0	0	0	0	0	0	0	0	0	0	0	0	0	0
ARHGEF10	1	1	1	0	0	0	0	0	0	0	0	0	0	3	3	3	3	3	3	3	3	3
ATF7IP	0	0	1	1	0	0	0	0	1	0	0	0	0	2	2	2	2	6	2	2	2	2
TET2	1	1	1	1	0	0	0	0	0	0	0	0	0	4	4	4	4	4	4	4	4	4
SMC1A	1	1	1	1	0	0	0	0	0	0	0	0	0	4	4	4	4	4	4	4	4	4
FBLN2	1	1	0	0	0	0	0	0	0	0	0	0	0	2	2	2	2	2	2	2	2	2
TGIF1	0	0	1	1	0	0	0	0	0	0	0	1	0	2	2	2	2	2	2	2	6	2
NR4A3	1	1	0	0	0	0	0	0	0	0	0	0	0	2	2	2	2	2	2	2	2	2
SMAD2	1	1	1	1	0	1	0	0	0	0	0	1	0	4	8	4	4	4	4	4	8	4
LY75-CD302	0	0	1	0	0	0	0	0	0	0	0	0	0	1	1	1	1	1	1	1	1	1
MET	1	1	1	1	0	0	0	1	0	0	0	0	0	4	4	4	8	4	4	4	4	4
MSH2	1	1	0	1	0	0	0	0	0	0	0	0	0	3	3	3	3	3	3	3	3	3
FAT3	1	1	1	0	0	1	0	0	0	1	1	1	1	3	7	3	3	3	7	7	7	7
LASP1	1	1	0	0	0	0	0	0	0	0	0	0	0	2	2	2	2	2	2	2	2	2
DDX6	1	1	1	0	0	0	0	0	0	0	0	0	0	3	3	3	3	3	3	3	3	3
SOHLH2	0	0	1	0	0	0	0	0	0	0	0	0	1	1	1	1	1	1	1	1	1	5
SATB1	0	0	1	0	0	0	0	0	0	0	0	0	0	1	1	1	1	1	1	1	1	1
FANCD2	1	1	1	0	1	0	0	0	0	0	1	1	0	2	2	2	2	2	2	6	6	2
PAX8	1	1	0	0	0	0	0	0	0	0	0	0	0	2	2	2	2	2	2	2	2	2
ASXL2	1	1	1	1	0	0	0	0	0	0	0	0	0	4	4	4	4	4	4	4	4	4
SEPT5	1	1	0	0	0	0	0	0	0	0	0	0	0	2	2	2	2	2	2	2	2	2
FOXP1	1	1	1	0	0	0	0	0	0	1	0	0	0	3	3	3	3	3	7	3	3	3
CCR4	1	1	0	0	0	0	0	0	0	0	0	0	0	2	2	2	2	2	2	2	2	2
NBN	1	1	0	0	0	0	0	0	0	0	0	0	0	2	2	2	2	2	2	2	2	2
PTEN	1	1	1	1	0	1	1	1	0	1	1	1	1	4	8	8	8	4	8	8	8	8
MAP2K1	1	1	1	1	0	0	0	0	1	0	1	1	0	4	4	4	4	8	4	8	8	4
CDC73	1	1	1	0	1	0	0	0	1	0	0	0	0	2	2	2	2	6	2	2	2	2
CDKN2C	1	1	1	1	0	0	0	0	0	0	0	0	0	4	4	4	4	4	4	4	4	4
TCIRG1	0	0	1	0	0	0	0	0	0	0	1	0	0	1	1	1	1	1	1	5	1	1
APOB	0	0	0	1	0	0	0	0	0	0	0	0	0	1	1	1	1	1	1	1	1	1
USP8	1	1	1	0	0	0	0	0	0	0	0	0	0	3	3	3	3	3	3	3	3	3
DEK	1	1	0	0	0	0	0	0	0	0	0	0	0	2	2	2	2	2	2	2	2	2
NBEA	1	1	1	0	1	0	0	0	0	0	1	1	0	2	2	2	2	2	2	6	6	2
H3F3B	1	1	0	0	0	0	0	0	0	0	0	0	0	2	2	2	2	2	2	2	2	2
ARHGEF10L	1	1	1	0	0	0	0	0	0	0	0	0	1	3	3	3	3	3	3	3	3	7
NF1	1	1	1	1	0	1	1	1	1	0	1	1	0	4	8	8	8	8	4	8	8	4
BTG2	0	0	0	1	0	0	0	0	0	0	0	0	0	1	1	1	1	1	1	1	1	1
PAK2	0	0	1	0	0	0	0	0	0	0	0	0	0	1	1	1	1	1	1	1	1	1
SATB2	0	0	0	0	1	0	0	0	0	0	0	0	0	-1	-1	-1	-1	-1	-1	-1	-1	-1
QKI	1	1	1	0	0	0	0	0	0	0	1	0	0	3	3	3	3	3	3	7	3	3
DYSF	0	0	0	0	1	0	0	0	0	0	0	0	0	-1	-1	-1	-1	-1	-1	-1	-1	-1
TRIM27	1	1	0	0	0	0	0	0	0	0	0	0	0	2	2	2	2	2	2	2	2	2
UNCX	0	0	0	1	0	0	0	0	0	0	0	0	0	1	1	1	1	1	1	1	1	1
PDGFRA	1	1	1	1	0	0	1	0	0	0	0	0	0	4	4	8	4	4	4	4	4	4
TFE3	1	1	0	0	0	0	0	0	0	0	0	0	0	2	2	2	2	2	2	2	2	2
ZNF93	0	0	1	0	0	0	0	0	0	0	0	0	0	1	1	1	1	1	1	1	1	1
LEMD2	0	0	0	1	0	0	0	0	0	0	0	0	0	1	1	1	1	1	1	1	1	1
SP140	0	0	1	0	0	0	0	0	0	0	0	0	0	1	1	1	1	1	1	1	1	1
SOX17	0	0	1	1	0	0	0	0	0	0	0	0	0	2	2	2	2	2	2	2	2	2
THSD7A	0	0	0	0	1	0	0	0	0	0	0	0	0	-1	-1	-1	-1	-1	-1	-1	-1	-1
CNOT3	1	1	1	0	0	0	0	0	0	1	0	0	0	3	3	3	3	3	7	3	3	3
FAM47C	1	1	0	0	0	0	0	0	0	0	0	0	0	2	2	2	2	2	2	2	2	2
EML4	1	1	1	0	0	0	0	0	0	0	0	0	0	3	3	3	3	3	3	3	3	3
FOXR1	1	1	0	0	0	0	0	0	0	0	0	0	0	2	2	2	2	2	2	2	2	2
ZNF814	0	0	1	0	0	0	0	0	0	0	0	0	0	1	1	1	1	1	1	1	1	1
GRIN2D	0	0	0	1	0	0	0	0	0	0	0	0	0	1	1	1	1	1	1	1	1	1
CSF3R	1	1	1	0	0	0	0	0	0	0	0	0	0	3	3	3	3	3	3	3	3	3
MAP3K13	1	1	0	0	0	0	0	0	0	0	0	0	0	2	2	2	2	2	2	2	2	2
NCOA4	1	1	0	0	0	0	0	0	0	0	0	0	0	2	2	2	2	2	2	2	2	2
NRXN1	0	0	0	0	1	0	0	0	0	0	0	0	0	-1	-1	-1	-1	-1	-1	-1	-1	-1
MED12L	0	0	0	0	1	0	0	0	0	0	0	0	0	-1	-1	-1	-1	-1	-1	-1	-1	-1
FSTL3	1	1	0	0	0	0	0	0	0	0	0	0	0	2	2	2	2	2	2	2	2	2
NSD1	1	1	1	1	0	0	0	0	0	0	0	0	1	4	4	4	4	4	4	4	4	8
INO80	0	0	1	0	0	0	0	0	0	0	0	0	0	1	1	1	1	1	1	1	1	1
KDSR	1	1	0	0	0	0	0	0	0	0	0	0	0	2	2	2	2	2	2	2	2	2
THSD7B	0	0	0	0	1	0	0	0	0	0	0	0	0	-1	-1	-1	-1	-1	-1	-1	-1	-1
NFKB2	1	1	1	0	0	0	0	0	0	0	0	0	0	3	3	3	3	3	3	3	3	3
PHF6	1	1	1	1	0	0	0	0	0	0	0	0	0	4	4	4	4	4	4	4	4	4
PRKCD	0	0	1	0	0	0	0	0	0	0	0	0	0	1	1	1	1	1	1	1	1	1
HSPA1L	0	0	0	0	1	0	0	0	0	0	0	0	0	-1	-1	-1	-1	-1	-1	-1	-1	-1
SETD2	1	1	1	1	0	0	0	1	1	1	1	0	0	4	4	4	8	8	8	8	4	4
ZCCHC12	0	0	0	1	0	0	0	0	0	0	0	0	0	1	1	1	1	1	1	1	1	1
DGKI	0	0	0	0	1	0	0	0	0	0	0	0	0	-1	-1	-1	-1	-1	-1	-1	-1	-1
PRDM2	1	1	1	0	0	0	0	0	0	0	0	0	0	3	3	3	3	3	3	3	3	3
CNTN5	0	0	0	0	1	0	0	0	0	0	0	0	0	-1	-1	-1	-1	-1	-1	-1	-1	-1
CBLB	1	1	0	0	0	0	0	0	0	0	0	0	0	2	2	2	2	2	2	2	2	2
ZNF384	1	1	0	0	0	0	0	0	0	0	0	0	0	2	2	2	2	2	2	2	2	2
ATP2B3	1	1	0	0	0	0	0	0	0	0	0	0	0	2	2	2	2	2	2	2	2	2
RGS7	1	1	1	0	0	1	0	0	1	0	0	0	0	3	7	3	3	7	3	3	3	3
SETDB1	0	1	1	0	0	0	0	0	0	0	0	0	0	2	2	2	2	2	2	2	2	2
ENPEP	0	0	1	0	0	0	0	0	0	0	0	0	0	1	1	1	1	1	1	1	1	1
GPC6	0	0	0	0	1	0	0	0	0	0	0	0	0	-1	-1	-1	-1	-1	-1	-1	-1	-1
KIAA1211	0	0	0	0	1	0	0	0	0	0	0	0	0	-1	-1	-1	-1	-1	-1	-1	-1	-1
JUN	1	1	0	0	0	0	0	0	0	0	0	0	0	2	2	2	2	2	2	2	2	2
RBM10	1	1	1	1	0	0	0	0	1	0	0	1	0	4	4	4	4	8	4	4	8	4
LMO1	1	1	0	0	0	0	0	0	0	0	0	0	0	2	2	2	2	2	2	2	2	2
PTPRT	1	1	1	0	0	0	0	0	0	0	0	0	0	3	3	3	3	3	3	3	3	3
NIN	1	1	1	0	0	1	0	0	0	0	0	1	1	3	7	3	3	3	3	3	7	7
BRCA2	1	1	1	1	0	1	0	0	0	1	1	1	0	4	8	4	4	4	8	8	8	4
HTRA2	0	0	1	0	0	0	0	0	0	0	0	0	0	1	1	1	1	1	1	1	1	1
HMGN2P46	0	1	0	0	0	0	0	0	0	0	0	0	0	1	1	1	1	1	1	1	1	1
SYNE1	0	0	0	0	1	0	0	0	0	0	0	0	0	-1	-1	-1	-1	-1	-1	-1	-1	-1
RUNX1	1	1	1	1	0	1	0	0	0	0	0	0	0	4	8	4	4	4	4	4	4	4
CAMTA1	1	1	1	0	1	0	0	0	0	0	0	0	0	2	2	2	2	2	2	2	2	2
SOX2	1	1	0	0	0	0	0	0	0	0	0	0	0	2	2	2	2	2	2	2	2	2
DCC	1	1	1	0	1	0	0	0	0	0	0	0	0	2	2	2	2	2	2	2	2	2
KAT7	1	1	0	0	0	0	0	0	0	0	0	0	0	2	2	2	2	2	2	2	2	2
TFRC	1	1	0	0	0	0	0	0	0	0	0	0	0	2	2	2	2	2	2	2	2	2
MAX	1	1	1	1	0	1	0	1	0	0	0	0	0	4	8	4	8	4	4	4	4	4
EPHB1	0	0	0	0	1	0	0	0	0	0	0	0	0	-1	-1	-1	-1	-1	-1	-1	-1	-1
SGK1	1	1	1	0	0	0	0	0	0	0	0	0	0	3	3	3	3	3	3	3	3	3
OR4C13	0	0	0	0	1	0	0	0	0	0	0	0	0	-1	-1	-1	-1	-1	-1	-1	-1	-1
MUC16	1	1	0	0	1	0	0	0	0	0	0	0	0	1	1	1	1	1	1	1	1	1
RAD17	1	1	0	0	0	0	0	0	0	0	0	0	0	2	2	2	2	2	2	2	2	2
ATIC	1	1	0	0	0	0	0	0	0	0	0	0	0	2	2	2	2	2	2	2	2	2
TMEM127	1	1	0	0	0	0	0	0	0	0	0	0	0	2	2	2	2	2	2	2	2	2
OR6A2	0	0	0	0	1	0	0	0	0	0	0	0	0	-1	-1	-1	-1	-1	-1	-1	-1	-1
FANCG	1	1	0	0	0	0	0	0	0	0	0	0	0	2	2	2	2	2	2	2	2	2
CUBN	0	0	0	0	1	0	0	0	0	0	0	0	0	-1	-1	-1	-1	-1	-1	-1	-1	-1
OR4C15	0	0	0	0	1	0	0	0	0	0	0	0	0	-1	-1	-1	-1	-1	-1	-1	-1	-1
ELMO1	0	0	0	0	1	0	0	0	0	0	0	0	0	-1	-1	-1	-1	-1	-1	-1	-1	-1
ZNF479	1	1	0	0	0	0	0	0	0	0	0	0	0	2	2	2	2	2	2	2	2	2
AKAP6	0	0	0	0	1	0	0	0	0	0	0	0	0	-1	-1	-1	-1	-1	-1	-1	-1	-1
LRRIQ1	0	0	0	0	1	0	0	0	0	0	0	0	0	-1	-1	-1	-1	-1	-1	-1	-1	-1
CCNE1	1	1	0	0	0	0	0	0	0	0	0	0	0	2	2	2	2	2	2	2	2	2
PCDH9	0	0	0	0	1	0	0	0	0	0	0	0	0	-1	-1	-1	-1	-1	-1	-1	-1	-1
WNK2	1	1	1	0	0	0	0	0	0	0	0	1	0	3	3	3	3	3	3	3	7	3
RPS3A	0	0	1	0	0	0	0	0	0	0	0	0	0	1	1	1	1	1	1	1	1	1
STAG1	1	1	0	0	0	0	0	0	0	0	0	0	0	2	2	2	2	2	2	2	2	2
TNFRSF14	1	1	1	0	0	0	0	0	0	0	0	0	0	3	3	3	3	3	3	3	3	3
FAT4	1	1	1	0	0	1	1	0	1	1	1	1	1	3	7	7	3	7	7	7	7	7
OR2L13	0	0	0	0	1	0	0	0	0	0	0	0	0	-1	-1	-1	-1	-1	-1	-1	-1	-1
MAML2	1	1	1	0	0	0	0	0	0	0	0	0	0	3	3	3	3	3	3	3	3	3
CDKN2A	1	1	1	1	0	1	1	1	1	0	1	0	1	4	8	8	8	8	4	8	4	8
KTN1	1	1	0	0	0	0	0	0	0	0	0	0	0	2	2	2	2	2	2	2	2	2
HRNR	0	0	0	0	1	0	0	0	0	0	0	0	0	-1	-1	-1	-1	-1	-1	-1	-1	-1
WRN	1	1	1	0	0	0	0	0	0	0	0	0	0	3	3	3	3	3	3	3	3	3
SETBP1	1	1	1	1	0	0	0	1	0	0	0	0	0	4	4	4	8	4	4	4	4	4
TLX3	1	1	0	0	0	0	0	0	0	0	0	0	0	2	2	2	2	2	2	2	2	2
CNTRL	1	1	0	0	0	0	0	0	0	0	0	0	0	2	2	2	2	2	2	2	2	2
RHOH	1	1	0	0	0	0	0	0	0	0	0	0	0	2	2	2	2	2	2	2	2	2
PAX3	1	1	0	0	0	0	0	0	0	0	0	0	0	2	2	2	2	2	2	2	2	2
SOCS1	1	1	1	0	0	0	0	0	0	0	0	0	0	3	3	3	3	3	3	3	3	3
DNAH7	0	0	0	0	1	0	0	0	0	0	0	0	0	-1	-1	-1	-1	-1	-1	-1	-1	-1
SACS	0	0	0	0	1	0	0	0	0	0	0	0	0	-1	-1	-1	-1	-1	-1	-1	-1	-1
CASP3	1	1	0	0	0	0	0	0	0	0	0	0	0	2	2	2	2	2	2	2	2	2
AKAP9	1	1	0	0	0	0	0	0	0	0	0	0	0	2	2	2	2	2	2	2	2	2
PIM1	1	1	1	1	0	0	0	0	0	0	0	0	0	4	4	4	4	4	4	4	4	4
RAD51B	1	1	0	0	0	0	0	0	0	0	0	0	0	2	2	2	2	2	2	2	2	2
CRTC1	1	1	1	0	0	0	0	0	0	0	0	0	0	3	3	3	3	3	3	3	3	3
OR5B17	0	0	0	0	1	0	0	0	0	0	0	0	0	-1	-1	-1	-1	-1	-1	-1	-1	-1
OR5L1	0	0	0	0	1	0	0	0	0	0	0	0	0	-1	-1	-1	-1	-1	-1	-1	-1	-1
FANCF	1	1	1	0	0	0	0	0	0	0	0	0	0	3	3	3	3	3	3	3	3	3
PAFAH1B2	1	1	0	0	0	0	0	0	0	0	0	0	0	2	2	2	2	2	2	2	2	2
GATA2	1	1	1	0	0	0	0	0	0	0	0	0	0	3	3	3	3	3	3	3	3	3
BLM	1	1	0	0	0	0	0	0	0	0	0	0	0	2	2	2	2	2	2	2	2	2
PPP2R1A	1	1	1	1	0	0	0	0	0	0	0	1	0	4	4	4	4	4	4	4	8	4
TET1	1	1	1	0	0	0	1	0	0	0	0	0	1	3	3	7	3	3	3	3	3	7
GRIA3	0	0	0	0	1	0	0	0	0	0	0	0	0	-1	-1	-1	-1	-1	-1	-1	-1	-1
SSX1	1	1	0	0	0	0	0	0	0	0	0	0	0	2	2	2	2	2	2	2	2	2
WIF1	1	1	0	0	0	0	0	0	0	0	0	0	0	2	2	2	2	2	2	2	2	2
FCRL4	1	1	0	0	0	0	0	0	0	0	0	0	0	2	2	2	2	2	2	2	2	2
ID3	1	1	1	0	0	0	0	0	0	0	0	0	0	3	3	3	3	3	3	3	3	3
GNA13	0	0	1	1	0	0	0	0	0	0	0	0	0	2	2	2	2	2	2	2	2	2
ADCY1	0	0	0	0	1	0	0	0	0	0	0	0	0	-1	-1	-1	-1	-1	-1	-1	-1	-1
BCL2	1	1	1	1	0	0	0	0	0	0	0	0	0	4	4	4	4	4	4	4	4	4
HOXC11	1	1	0	0	0	0	0	0	0	0	0	0	0	2	2	2	2	2	2	2	2	2
SMARCD1	1	1	1	0	0	1	0	0	0	0	0	0	0	3	7	3	3	3	3	3	3	3
RSPH10B2	0	0	1	0	0	0	0	0	0	0	0	0	0	1	1	1	1	1	1	1	1	1
CSF1R	1	1	0	0	0	0	0	0	0	0	0	0	0	2	2	2	2	2	2	2	2	2
ZMYM3	1	1	0	1	0	0	0	0	0	0	0	0	0	3	3	3	3	3	3	3	3	3
NTRK1	1	1	1	0	0	1	0	0	0	0	0	0	0	3	7	3	3	3	3	3	3	3
ZCCHC8	1	1	0	0	0	0	0	0	0	0	0	0	0	2	2	2	2	2	2	2	2	2
KLK2	1	1	0	0	0	0	0	0	0	0	0	0	0	2	2	2	2	2	2	2	2	2
PDGFRB	1	1	1	0	0	1	0	0	0	0	0	0	0	3	7	3	3	3	3	3	3	3
MGA	0	0	1	1	0	0	0	0	1	0	0	0	0	2	2	2	2	6	2	2	2	2
HIST1H4I	1	1	1	0	0	0	0	0	0	0	0	0	0	3	3	3	3	3	3	3	3	3
OR2M4	0	0	0	0	1	0	0	0	0	0	0	0	0	-1	-1	-1	-1	-1	-1	-1	-1	-1
LATS1	0	1	1	1	0	0	0	0	0	0	0	1	0	3	3	3	3	3	3	3	7	3
TP53	1	1	1	1	0	1	1	1	1	1	1	1	1	4	8	8	8	8	8	8	8	8
LMO2	1	1	0	0	0	0	0	0	0	0	0	0	0	2	2	2	2	2	2	2	2	2
TG	0	0	0	0	1	0	0	0	0	0	0	0	0	-1	-1	-1	-1	-1	-1	-1	-1	-1
OR4K1	0	0	0	0	1	0	0	0	0	0	0	0	0	-1	-1	-1	-1	-1	-1	-1	-1	-1
SFMBT2	0	0	1	0	0	0	0	0	0	0	0	0	0	1	1	1	1	1	1	1	1	1
SDHA	1	1	0	0	0	0	0	0	0	0	0	0	0	2	2	2	2	2	2	2	2	2
NRAS	1	1	1	1	0	0	1	0	1	1	1	1	0	4	4	8	4	8	8	8	8	4
ZNF331	1	1	0	0	0	0	0	0	0	0	0	0	0	2	2	2	2	2	2	2	2	2
SMAD4	1	1	1	1	0	1	0	0	0	1	0	1	1	4	8	4	4	4	8	4	8	8
BIRC6	1	1	1	0	1	0	0	0	0	0	0	1	0	2	2	2	2	2	2	2	6	2
HUWE1	0	0	0	1	0	0	0	0	0	0	0	0	0	1	1	1	1	1	1	1	1	1
DOT1L	0	0	1	0	0	0	0	0	0	0	0	0	0	1	1	1	1	1	1	1	1	1
BRCA1	1	1	1	1	0	1	0	0	0	0	0	0	0	4	8	4	4	4	4	4	4	4
PPP1R9A	0	0	0	0	1	0	0	0	0	0	0	0	0	-1	-1	-1	-1	-1	-1	-1	-1	-1
OR6K3	0	0	0	0	1	0	0	0	0	0	0	0	0	-1	-1	-1	-1	-1	-1	-1	-1	-1
LPAR4	0	0	1	0	0	0	0	0	0	0	0	0	0	1	1	1	1	1	1	1	1	1
FOXL2	1	1	1	0	0	0	0	0	0	0	0	0	0	3	3	3	3	3	3	3	3	3
ROS1	1	1	0	0	0	0	0	0	0	0	0	0	0	2	2	2	2	2	2	2	2	2
ZBTB7B	0	0	1	1	0	0	0	0	0	0	0	0	0	2	2	2	2	2	2	2	2	2
PTPN6	1	1	1	0	0	0	0	0	0	0	1	0	0	3	3	3	3	3	3	7	3	3
POU2AF1	1	1	0	0	0	0	0	0	0	0	0	0	0	2	2	2	2	2	2	2	2	2
KIF21B	0	0	0	0	1	0	0	0	0	0	0	0	0	-1	-1	-1	-1	-1	-1	-1	-1	-1
ZNF165	0	0	1	0	0	0	0	0	0	0	0	0	0	1	1	1	1	1	1	1	1	1
CD79B	1	1	1	1	0	0	0	0	0	0	0	0	0	4	4	4	4	4	4	4	4	4
LRFN5	0	0	0	0	1	0	0	0	0	0	0	0	0	-1	-1	-1	-1	-1	-1	-1	-1	-1
MAP2K2	1	1	0	0	0	0	0	0	0	0	0	0	0	2	2	2	2	2	2	2	2	2
DDIT3	1	1	0	0	0	0	0	0	0	0	0	0	0	2	2	2	2	2	2	2	2	2
PCDH17	0	0	1	0	1	0	0	0	0	0	0	0	0	0	0	0	0	0	0	0	0	0
OR1M1	0	0	0	0	1	0	0	0	0	0	0	0	0	-1	-1	-1	-1	-1	-1	-1	-1	-1
AJUBA	0	0	1	1	0	0	0	0	0	0	0	0	0	2	2	2	2	2	2	2	2	2
MGAM	0	0	0	0	1	0	0	0	0	0	0	0	0	-1	-1	-1	-1	-1	-1	-1	-1	-1
ERCC3	1	1	1	0	0	0	0	0	0	0	1	0	0	3	3	3	3	3	3	7	3	3
IL2	1	1	0	0	0	0	0	0	0	0	0	0	0	2	2	2	2	2	2	2	2	2
CSMD3	1	1	0	0	1	0	0	0	0	0	0	0	0	1	1	1	1	1	1	1	1	1
PALB2	1	1	0	0	0	0	0	0	0	0	0	0	0	2	2	2	2	2	2	2	2	2
CHD7	0	0	0	0	1	0	0	0	0	0	0	0	0	-1	-1	-1	-1	-1	-1	-1	-1	-1
ALDH2	1	1	0	0	0	0	0	0	0	0	0	0	0	2	2	2	2	2	2	2	2	2
MLH1	1	1	0	1	1	0	0	0	0	0	0	0	0	2	2	2	2	2	2	2	2	2
PRKAR1A	1	1	1	1	0	0	0	0	0	0	0	0	0	4	4	4	4	4	4	4	4	4
CR1	0	0	1	0	0	0	0	0	0	0	0	0	0	1	1	1	1	1	1	1	1	1
SS18	1	1	0	0	0	0	0	0	0	0	0	0	0	2	2	2	2	2	2	2	2	2
EIF4A2	1	1	0	0	0	0	0	0	0	0	0	0	0	2	2	2	2	2	2	2	2	2
TRB	0	1	0	0	0	0	0	0	0	0	0	0	0	1	1	1	1	1	1	1	1	1
TMSB4X	0	0	0	1	0	0	0	0	0	0	0	0	0	1	1	1	1	1	1	1	1	1
LCK	1	1	0	0	0	0	0	0	0	0	0	0	0	2	2	2	2	2	2	2	2	2
OR2A42	0	0	0	0	1	0	0	0	0	0	0	0	0	-1	-1	-1	-1	-1	-1	-1	-1	-1
COL3A1	1	1	0	0	0	0	0	0	0	0	0	0	0	2	2	2	2	2	2	2	2	2
OR10A7	0	0	0	0	1	0	0	0	0	0	0	0	0	-1	-1	-1	-1	-1	-1	-1	-1	-1
PRKCB	1	1	1	0	0	0	0	0	0	0	1	0	1	3	3	3	3	3	3	7	3	7
TFPT	1	1	0	0	0	0	0	0	0	0	0	0	0	2	2	2	2	2	2	2	2	2
EPHA6	0	0	0	0	1	0	0	0	0	0	0	0	0	-1	-1	-1	-1	-1	-1	-1	-1	-1
NEB	0	0	0	0	1	0	0	0	0	0	0	0	0	-1	-1	-1	-1	-1	-1	-1	-1	-1
CBWD3	0	0	0	1	0	0	0	0	0	0	0	0	0	1	1	1	1	1	1	1	1	1
LYL1	1	1	0	0	0	0	0	0	0	0	0	0	0	2	2	2	2	2	2	2	2	2
VAV1	1	1	1	0	0	0	0	0	0	0	0	0	0	3	3	3	3	3	3	3	3	3
CPEB3	1	1	1	0	0	0	0	0	0	0	0	0	0	3	3	3	3	3	3	3	3	3
CREB3L2	1	1	0	0	0	0	0	0	0	0	0	0	0	2	2	2	2	2	2	2	2	2
TCEA1	1	1	0	0	0	0	0	0	0	0	0	0	0	2	2	2	2	2	2	2	2	2
OR5T1	0	0	0	0	1	0	0	0	0	0	0	0	0	-1	-1	-1	-1	-1	-1	-1	-1	-1
MSH6	1	1	0	1	0	0	0	0	0	0	0	0	0	3	3	3	3	3	3	3	3	3
DNAH5	0	0	0	0	1	0	0	0	0	0	0	0	0	-1	-1	-1	-1	-1	-1	-1	-1	-1
FAM46D	0	0	0	1	0	0	0	0	0	0	0	0	0	1	1	1	1	1	1	1	1	1
CACNA2D1	0	0	0	0	1	0	0	0	0	0	0	0	0	-1	-1	-1	-1	-1	-1	-1	-1	-1
TNFAIP3	1	1	1	1	0	0	0	0	0	0	0	0	0	4	4	4	4	4	4	4	4	4
FLT4	1	1	1	0	0	0	0	0	1	0	0	0	0	3	3	3	3	7	3	3	3	3
CCR7	1	1	1	0	0	0	0	0	0	0	0	0	0	3	3	3	3	3	3	3	3	3
KDM5A	1	1	1	0	0	0	0	0	0	0	1	0	0	3	3	3	3	3	3	7	3	3
RBM15	1	1	1	0	0	0	0	0	0	0	0	0	0	3	3	3	3	3	3	3	3	3
GPC3	1	1	0	0	0	0	0	0	0	0	0	0	0	2	2	2	2	2	2	2	2	2
XPA	1	1	0	0	0	0	0	0	0	0	0	0	0	2	2	2	2	2	2	2	2	2
PDE4DIP	0	1	1	0	0	0	0	0	0	0	0	0	0	2	2	2	2	2	2	2	2	2
ASXL3	0	0	0	0	1	0	0	0	0	0	0	0	0	-1	-1	-1	-1	-1	-1	-1	-1	-1
FAM131B	1	1	0	0	0	0	0	0	0	0	0	0	0	2	2	2	2	2	2	2	2	2
BUB1B	1	1	0	0	0	0	0	0	0	0	0	0	0	2	2	2	2	2	2	2	2	2
FGFR1OP	1	1	0	0	0	0	0	0	0	0	0	0	0	2	2	2	2	2	2	2	2	2
ADAMTS20	0	0	0	0	1	0	0	0	0	0	0	0	0	-1	-1	-1	-1	-1	-1	-1	-1	-1
ESRRG	0	0	0	0	1	0	0	0	0	0	0	0	0	-1	-1	-1	-1	-1	-1	-1	-1	-1
PTCHD4	0	0	0	0	1	0	0	0	0	0	0	0	0	-1	-1	-1	-1	-1	-1	-1	-1	-1
LAMA2	0	0	0	0	1	0	0	0	0	0	0	0	0	-1	-1	-1	-1	-1	-1	-1	-1	-1
ZNF750	0	0	0	1	0	0	0	0	0	0	0	0	0	1	1	1	1	1	1	1	1	1
KLF5	0	0	1	1	0	0	0	0	0	0	0	0	0	2	2	2	2	2	2	2	2	2
RSPO3	1	1	0	0	0	0	0	0	0	0	0	0	0	2	2	2	2	2	2	2	2	2
HOXA9	1	1	0	0	0	0	0	0	0	0	0	0	0	2	2	2	2	2	2	2	2	2
NPEPPS	0	0	1	0	0	0	0	0	0	0	0	0	0	1	1	1	1	1	1	1	1	1
NFKBIE	1	1	1	0	0	0	0	0	0	0	1	0	0	3	3	3	3	3	3	7	3	3
RHOB	0	0	0	1	0	0	0	0	0	0	0	0	0	1	1	1	1	1	1	1	1	1
CANT1	1	1	0	0	0	0	0	0	0	0	0	0	0	2	2	2	2	2	2	2	2	2
ZXDB	0	0	1	0	0	1	0	0	0	0	0	0	0	1	5	1	1	1	1	1	1	1
NCAM2	0	0	0	0	1	0	0	0	0	0	0	0	0	-1	-1	-1	-1	-1	-1	-1	-1	-1
B2M	1	1	1	1	0	0	0	0	0	0	0	0	0	4	4	4	4	4	4	4	4	4
ST6GAL2	0	0	0	0	1	0	0	0	0	0	0	0	0	-1	-1	-1	-1	-1	-1	-1	-1	-1
ARHGAP26	1	1	0	0	0	0	0	0	0	0	0	0	0	2	2	2	2	2	2	2	2	2
FNBP1	1	1	0	0	0	0	0	0	0	0	0	0	0	2	2	2	2	2	2	2	2	2
BARD1	1	1	0	0	0	0	0	0	0	0	0	0	0	2	2	2	2	2	2	2	2	2
THBS2	0	0	0	0	1	0	0	0	0	0	0	0	0	-1	-1	-1	-1	-1	-1	-1	-1	-1
DICER1	1	1	1	1	0	0	0	0	0	0	0	1	0	4	4	4	4	4	4	4	8	4
NRG1	1	1	1	0	0	0	0	0	0	0	0	0	1	3	3	3	3	3	3	3	3	7
DNM2	1	1	0	0	0	0	0	0	0	0	0	0	0	2	2	2	2	2	2	2	2	2
RFC1	0	0	0	1	0	0	0	0	0	0	0	0	0	1	1	1	1	1	1	1	1	1
OR5L2	0	0	0	0	1	0	0	0	0	0	0	0	0	-1	-1	-1	-1	-1	-1	-1	-1	-1
GLI1	1	1	1	0	1	0	0	0	0	0	0	0	0	2	2	2	2	2	2	2	2	2
SMARCE1	1	1	0	0	0	0	0	0	0	0	0	0	0	2	2	2	2	2	2	2	2	2
MEN1	1	1	1	1	0	1	0	0	0	0	0	0	0	4	8	4	4	4	4	4	4	4
TLX1	1	1	0	0	0	0	0	0	0	0	0	0	0	2	2	2	2	2	2	2	2	2
FOXD4L1	0	0	1	0	0	0	0	0	0	0	0	0	0	1	1	1	1	1	1	1	1	1
CACHD1	0	0	0	0	1	0	0	0	0	0	0	0	0	-1	-1	-1	-1	-1	-1	-1	-1	-1
CDH1	1	1	1	1	0	1	0	0	0	0	0	0	1	4	8	4	4	4	4	4	4	8
EPHA2	0	0	1	1	0	0	0	0	0	0	0	0	0	2	2	2	2	2	2	2	2	2
PDCD1LG2	1	1	1	0	0	0	0	0	0	0	1	0	0	3	3	3	3	3	3	7	3	3
FOLH1	0	0	0	0	1	0	0	0	0	0	0	0	0	-1	-1	-1	-1	-1	-1	-1	-1	-1
FLG	0	0	0	0	1	0	0	0	0	0	0	0	0	-1	-1	-1	-1	-1	-1	-1	-1	-1
U2AF2	0	0	1	0	0	0	0	0	0	0	0	0	0	1	1	1	1	1	1	1	1	1
CREB3L1	1	1	0	0	0	0	0	0	0	0	0	0	0	2	2	2	2	2	2	2	2	2
MYC	1	1	1	1	0	0	0	0	0	0	0	0	0	4	4	4	4	4	4	4	4	4
VHL	1	1	1	1	0	0	0	1	0	0	0	0	0	4	4	4	8	4	4	4	4	4
CACNA1D	1	1	1	0	0	1	1	0	0	0	0	0	1	3	7	7	3	3	3	3	3	7
CDC27	0	0	0	0	1	0	0	0	0	0	0	0	0	-1	-1	-1	-1	-1	-1	-1	-1	-1
DDX3X	1	1	1	1	0	1	0	0	0	0	1	0	0	4	8	4	4	4	4	8	4	4
ECT2L	1	1	0	0	0	0	0	0	0	0	0	0	0	2	2	2	2	2	2	2	2	2
CNTNAP5	0	0	0	0	1	0	0	0	0	0	0	0	0	-1	-1	-1	-1	-1	-1	-1	-1	-1
DDB2	1	1	1	0	0	0	0	0	0	0	0	0	0	3	3	3	3	3	3	3	3	3
FAT2	0	0	1	0	1	0	0	0	0	0	0	0	0	0	0	0	0	0	0	0	0	0
PPFIBP1	1	1	0	0	0	0	0	0	0	0	0	0	0	2	2	2	2	2	2	2	2	2
GPS2	0	0	0	1	0	0	0	0	0	0	0	0	0	1	1	1	1	1	1	1	1	1
PIK3C2B	0	0	0	0	1	0	0	0	0	0	0	0	0	-1	-1	-1	-1	-1	-1	-1	-1	-1
AR	1	1	1	1	0	0	0	0	0	1	0	0	0	4	4	4	4	4	8	4	4	4
CNTNAP2	1	1	0	0	1	0	0	0	0	0	0	0	0	1	1	1	1	1	1	1	1	1
DMD	0	0	0	1	1	0	0	0	0	0	0	0	0	0	0	0	0	0	0	0	0	0
EBF1	1	1	1	0	1	0	0	0	0	0	0	0	0	2	2	2	2	2	2	2	2	2
WT1	1	1	1	1	0	0	0	0	0	0	0	0	0	4	4	4	4	4	4	4	4	4
TAL2	1	1	0	0	0	0	0	0	0	0	0	0	0	2	2	2	2	2	2	2	2	2
DNAJB1	1	1	1	0	0	0	0	0	0	0	0	0	0	3	3	3	3	3	3	3	3	3
RNF43	1	1	1	1	0	0	0	0	0	1	0	1	1	4	4	4	4	4	8	4	8	8
KIF5B	1	1	1	0	0	0	0	0	0	0	0	0	0	3	3	3	3	3	3	3	3	3
NUP93	0	0	0	1	0	0	0	0	0	0	0	0	0	1	1	1	1	1	1	1	1	1
SIX2	1	1	0	0	0	0	0	0	0	0	0	0	0	2	2	2	2	2	2	2	2	2
FMN2	0	0	0	0	1	0	0	0	0	0	0	0	0	-1	-1	-1	-1	-1	-1	-1	-1	-1
GRIK3	0	0	0	0	1	0	0	0	0	0	0	0	0	-1	-1	-1	-1	-1	-1	-1	-1	-1
TFEB	1	1	0	0	0	0	0	0	0	0	0	0	0	2	2	2	2	2	2	2	2	2
ERBB3	1	1	1	1	0	1	0	0	0	1	0	1	1	4	8	4	4	4	8	4	8	8
OR10G7	0	0	0	0	1	0	0	0	0	0	0	0	0	-1	-1	-1	-1	-1	-1	-1	-1	-1
ELF3	1	1	1	1	0	0	0	0	0	0	0	0	0	4	4	4	4	4	4	4	4	4
OR4K14	0	0	0	0	1	0	0	0	0	0	0	0	0	-1	-1	-1	-1	-1	-1	-1	-1	-1
PAIP1	0	0	0	0	1	0	0	0	0	0	0	0	0	-1	-1	-1	-1	-1	-1	-1	-1	-1
CBFA2T3	1	1	1	0	0	0	0	0	0	0	0	0	0	3	3	3	3	3	3	3	3	3
FAS	1	1	1	0	0	0	0	0	0	0	0	0	0	3	3	3	3	3	3	3	3	3
ATF1	1	1	0	0	0	0	0	0	0	0	0	0	0	2	2	2	2	2	2	2	2	2
IDH2	1	1	1	1	0	0	0	0	0	0	0	0	0	4	4	4	4	4	4	4	4	4
ARAF	1	1	1	1	0	0	0	0	0	0	0	0	0	4	4	4	4	4	4	4	4	4
CHD4	1	1	1	1	0	0	0	0	0	0	0	0	0	4	4	4	4	4	4	4	4	4
CDH17	1	1	0	0	0	0	0	0	0	0	0	0	0	2	2	2	2	2	2	2	2	2
STIL	1	1	1	0	0	0	0	0	0	0	0	0	0	3	3	3	3	3	3	3	3	3
NUP133	0	0	0	1	0	0	0	0	0	0	0	0	0	1	1	1	1	1	1	1	1	1
SFRP4	1	1	0	0	0	0	0	0	0	0	0	0	0	2	2	2	2	2	2	2	2	2
LRP1B	1	1	1	0	1	1	1	1	1	1	1	1	1	2	6	6	6	6	6	6	6	6
HSPG2	0	0	1	0	0	0	0	0	0	0	0	1	0	1	1	1	1	1	1	1	5	1
ATP1A1	1	1	0	0	0	0	0	0	0	0	0	0	0	2	2	2	2	2	2	2	2	2
GRIN2A	1	1	1	0	1	1	0	0	0	0	0	1	1	2	6	2	2	2	2	2	6	6
ZNF780A	0	0	1	0	0	0	0	0	0	0	0	0	0	1	1	1	1	1	1	1	1	1
TGFBR2	1	1	1	1	0	0	0	0	0	0	0	1	0	4	4	4	4	4	4	4	8	4
SS18L1	1	1	0	0	0	0	0	0	0	0	0	0	0	2	2	2	2	2	2	2	2	2
PRKD1	0	0	0	0	1	0	0	0	0	0	0	0	0	-1	-1	-1	-1	-1	-1	-1	-1	-1
WHSC1	0	0	0	1	0	0	0	0	0	0	0	0	0	1	1	1	1	1	1	1	1	1
FLT3	1	1	1	1	0	0	0	0	0	0	0	0	0	4	4	4	4	4	4	4	4	4
HGF	0	0	1	1	0	0	0	0	0	0	0	0	0	2	2	2	2	2	2	2	2	2
FANCE	1	1	0	0	0	0	0	0	0	0	0	0	0	2	2	2	2	2	2	2	2	2
BTG1	1	1	1	0	0	0	0	0	0	0	0	0	0	3	3	3	3	3	3	3	3	3
LOX	0	0	1	0	0	0	0	0	0	0	0	0	0	1	1	1	1	1	1	1	1	1
BCL11B	1	1	1	0	1	0	1	0	0	0	0	0	0	2	2	6	2	2	2	2	2	2
MGMT	1	1	0	1	0	0	0	0	0	0	0	0	0	3	3	3	3	3	3	3	3	3
BCL11A	1	1	1	0	1	0	0	0	0	0	0	0	0	2	2	2	2	2	2	2	2	2
TP63	1	1	1	0	1	0	0	0	0	0	0	0	0	2	2	2	2	2	2	2	2	2
HOXD11	1	1	0	0	0	0	0	0	0	0	0	0	0	2	2	2	2	2	2	2	2	2
KMT2A	1	1	1	1	0	0	0	0	0	1	1	0	0	4	4	4	4	4	8	8	4	4
LZTR1	1	1	1	1	0	0	1	0	0	1	0	0	0	4	4	8	4	4	8	4	4	4
TRPS1	0	0	0	0	1	0	0	0	0	0	0	0	0	-1	-1	-1	-1	-1	-1	-1	-1	-1
HIP1	1	1	1	0	0	0	0	0	0	0	0	0	0	3	3	3	3	3	3	3	3	3
FLI1	1	1	0	0	0	0	0	0	0	0	0	0	0	2	2	2	2	2	2	2	2	2
TRAF3	0	0	1	1	0	0	0	0	0	0	0	0	0	2	2	2	2	2	2	2	2	2
CDX2	1	1	1	0	0	0	0	0	0	0	0	0	0	3	3	3	3	3	3	3	3	3
POT1	1	1	1	0	1	0	0	0	0	0	1	0	0	2	2	2	2	2	2	6	2	2
SALL4	1	1	1	0	0	1	0	0	0	0	0	0	0	3	7	3	3	3	3	3	3	3
MUC4	1	1	0	0	1	0	0	0	0	0	0	0	0	1	1	1	1	1	1	1	1	1
EZR	1	1	0	0	0	0	0	0	0	0	0	0	0	2	2	2	2	2	2	2	2	2
ASPSCR1	1	1	0	0	0	0	0	0	0	0	0	0	0	2	2	2	2	2	2	2	2	2
HOXC13	1	1	1	0	0	1	0	0	0	0	0	0	0	3	7	3	3	3	3	3	3	3
SEPT9	1	1	1	0	0	0	0	0	0	0	0	0	0	3	3	3	3	3	3	3	3	3
MEF2B	0	0	1	0	0	0	0	0	0	0	0	0	0	1	1	1	1	1	1	1	1	1
RHEB	0	0	0	1	0	0	0	0	0	0	0	0	0	1	1	1	1	1	1	1	1	1
HERC2	0	0	1	0	1	0	0	0	0	0	0	0	0	0	0	0	0	0	0	0	0	0
ARNT	1	1	0	0	0	0	0	0	0	0	0	0	0	2	2	2	2	2	2	2	2	2
COL5A1	0	0	0	1	0	0	0	0	0	0	0	0	0	1	1	1	1	1	1	1	1	1
IQGAP2	0	0	0	0	1	0	0	0	0	0	0	0	0	-1	-1	-1	-1	-1	-1	-1	-1	-1
PRKD2	0	0	1	0	0	0	0	0	0	0	0	0	0	1	1	1	1	1	1	1	1	1
PTPRK	1	1	1	0	0	0	0	0	0	0	0	0	0	3	3	3	3	3	3	3	3	3
NUP214	1	1	1	0	0	0	0	0	0	0	0	0	0	3	3	3	3	3	3	3	3	3
CREB3L3	0	0	0	1	0	0	0	0	0	0	0	0	0	1	1	1	1	1	1	1	1	1
PPP6C	1	1	1	1	0	0	0	0	0	0	1	0	0	4	4	4	4	4	4	8	4	4
CLIP1	1	1	1	0	1	0	0	0	1	0	0	0	1	2	2	2	2	6	2	2	2	6
RIMS1	0	0	0	0	1	0	0	0	0	0	0	0	0	-1	-1	-1	-1	-1	-1	-1	-1	-1
DDX5	1	1	0	0	0	0	0	0	0	0	0	0	0	2	2	2	2	2	2	2	2	2
NTRK2	0	0	0	0	1	0	0	0	0	0	0	0	0	-1	-1	-1	-1	-1	-1	-1	-1	-1
CHD2	1	1	1	0	0	0	0	0	0	0	0	0	0	3	3	3	3	3	3	3	3	3
JAK1	1	1	1	1	0	0	0	0	0	1	0	0	0	4	4	4	4	4	8	4	4	4
KLHL36	0	0	1	0	0	0	0	0	0	0	0	0	0	1	1	1	1	1	1	1	1	1
KIAA1549	1	1	0	0	0	0	0	0	0	0	0	0	0	2	2	2	2	2	2	2	2	2
PXDN	0	0	0	0	1	0	0	0	0	0	0	0	0	-1	-1	-1	-1	-1	-1	-1	-1	-1
SETD1B	1	1	1	0	0	0	0	0	0	0	0	0	0	3	3	3	3	3	3	3	3	3
SMARCB1	1	1	1	1	0	0	0	0	0	0	0	0	0	4	4	4	4	4	4	4	4	4
S100A7	1	1	0	0	0	0	0	0	0	0	0	0	0	2	2	2	2	2	2	2	2	2
SH2B3	1	1	1	0	0	0	0	0	0	0	0	0	0	3	3	3	3	3	3	3	3	3
NACA	1	1	0	0	0	0	0	0	0	0	0	0	0	2	2	2	2	2	2	2	2	2
MN1	1	1	0	0	0	0	0	0	0	0	0	0	0	2	2	2	2	2	2	2	2	2
NIPBL	0	0	1	1	0	0	0	0	0	0	0	0	0	2	2	2	2	2	2	2	2	2
SDHD	1	1	0	0	0	0	0	0	0	0	0	0	0	2	2	2	2	2	2	2	2	2
FOXQ1	0	0	0	1	1	0	0	0	0	0	0	0	0	0	0	0	0	0	0	0	0	0
CHCHD7	1	1	0	0	0	0	0	0	0	0	0	0	0	2	2	2	2	2	2	2	2	2
EWSR1	1	1	1	0	0	0	0	0	0	0	0	0	0	3	3	3	3	3	3	3	3	3
KIFC1	0	0	1	0	0	0	0	0	0	0	0	0	0	1	1	1	1	1	1	1	1	1
SRSF3	1	1	0	0	0	0	0	0	0	0	0	0	0	2	2	2	2	2	2	2	2	2
P2RY8	1	1	1	0	0	0	0	0	0	0	0	0	0	3	3	3	3	3	3	3	3	3
IKZF1	1	1	1	0	1	0	0	0	0	0	1	0	0	2	2	2	2	2	2	6	2	2
REL	1	1	0	0	0	0	0	0	0	0	0	0	0	2	2	2	2	2	2	2	2	2
TAF1	0	0	0	1	0	0	0	0	0	0	0	0	0	1	1	1	1	1	1	1	1	1
ABI1	1	1	1	0	0	0	0	0	0	0	0	0	0	3	3	3	3	3	3	3	3	3
EIF3E	1	1	1	0	0	0	0	0	0	0	0	1	0	3	3	3	3	3	3	3	7	3
CLP1	1	1	0	0	0	0	0	0	0	0	0	0	0	2	2	2	2	2	2	2	2	2
JAK3	1	1	1	1	0	0	0	0	0	0	0	0	0	4	4	4	4	4	4	4	4	4
TEC	1	1	1	0	0	0	0	0	0	0	0	0	0	3	3	3	3	3	3	3	3	3
COL12A1	0	0	0	0	1	0	0	0	0	0	0	0	0	-1	-1	-1	-1	-1	-1	-1	-1	-1
CD74	1	1	0	0	0	0	0	0	0	0	0	0	0	2	2	2	2	2	2	2	2	2
NCOR2	1	1	1	0	1	1	0	0	0	1	0	1	0	2	6	2	2	2	6	2	6	2
FLCN	1	1	1	0	0	0	0	0	0	0	0	1	0	3	3	3	3	3	3	3	7	3
SET	1	1	1	0	0	0	0	0	0	0	0	0	0	3	3	3	3	3	3	3	3	3
CHD8	0	0	0	1	0	0	0	0	0	0	0	0	0	1	1	1	1	1	1	1	1	1
FLT1	0	0	0	0	1	0	0	0	0	0	0	0	0	-1	-1	-1	-1	-1	-1	-1	-1	-1
CMTR2	0	0	1	0	0	0	0	0	1	0	0	0	0	1	1	1	1	5	1	1	1	1
OR52E8	0	0	0	0	1	0	0	0	0	0	0	0	0	-1	-1	-1	-1	-1	-1	-1	-1	-1
MAP2	0	0	1	0	0	0	0	0	0	0	0	0	0	1	1	1	1	1	1	1	1	1
STRN	1	1	1	0	0	0	0	0	0	1	0	0	0	3	3	3	3	3	7	3	3	3
TSC1	1	1	1	1	0	0	0	0	0	0	0	0	0	4	4	4	4	4	4	4	4	4
HSP90AB1	1	1	1	0	0	0	0	0	0	0	1	0	0	3	3	3	3	3	3	7	3	3
DROSHA	1	1	1	0	0	0	0	0	0	0	0	0	0	3	3	3	3	3	3	3	3	3
NDRG1	1	1	0	0	0	0	0	0	0	0	0	0	0	2	2	2	2	2	2	2	2	2
TERT	1	1	0	0	0	0	0	0	0	0	0	0	0	2	2	2	2	2	2	2	2	2
PBRM1	1	1	1	1	0	0	0	1	1	0	1	0	0	4	4	4	8	8	4	8	4	4
CHIC2	1	1	0	0	0	0	0	0	0	0	0	0	0	2	2	2	2	2	2	2	2	2
PRCC	1	1	0	0	0	0	0	0	0	0	0	0	0	2	2	2	2	2	2	2	2	2
BRAF	1	1	1	1	0	1	1	0	1	1	1	1	0	4	8	8	4	8	8	8	8	4
RANBP6	0	0	0	0	1	0	0	0	0	0	0	0	0	-1	-1	-1	-1	-1	-1	-1	-1	-1
HNF1A	1	1	1	0	1	0	0	0	0	0	0	0	0	2	2	2	2	2	2	2	2	2
LIFR	1	1	1	0	0	0	0	0	0	0	0	0	0	3	3	3	3	3	3	3	3	3
MDS2	1	1	0	0	0	0	0	0	0	0	0	0	0	2	2	2	2	2	2	2	2	2
PIK3R1	1	1	1	1	0	1	1	0	0	0	0	0	1	4	8	8	4	4	4	4	4	8
RASA2	0	0	1	0	0	0	0	0	0	0	0	0	0	1	1	1	1	1	1	1	1	1
BAX	1	1	0	0	0	0	0	0	0	0	0	0	0	2	2	2	2	2	2	2	2	2
DCTN1	1	1	0	0	0	0	0	0	0	0	0	0	0	2	2	2	2	2	2	2	2	2
OR2W3	0	0	0	0	1	0	0	0	0	0	0	0	0	-1	-1	-1	-1	-1	-1	-1	-1	-1
EYA4	0	0	0	0	1	0	0	0	0	0	0	0	0	-1	-1	-1	-1	-1	-1	-1	-1	-1
ADAMTSL3	0	0	0	0	1	0	0	0	0	0	0	0	0	-1	-1	-1	-1	-1	-1	-1	-1	-1
CEBPA	1	1	1	1	0	0	0	0	0	0	0	0	0	4	4	4	4	4	4	4	4	4
OR8K1	0	0	0	0	1	0	0	0	0	0	0	0	0	-1	-1	-1	-1	-1	-1	-1	-1	-1
RPN1	1	1	0	0	0	0	0	0	0	0	0	0	0	2	2	2	2	2	2	2	2	2
JAZF1	1	1	0	0	0	0	0	0	0	0	0	0	0	2	2	2	2	2	2	2	2	2
SRSF2	1	1	1	1	0	0	0	0	0	0	0	0	0	4	4	4	4	4	4	4	4	4
ZBTB20	0	0	1	1	1	0	0	0	0	0	0	0	0	1	1	1	1	1	1	1	1	1
CDH12	0	0	0	0	1	0	0	0	0	0	0	0	0	-1	-1	-1	-1	-1	-1	-1	-1	-1
SYK	1	1	0	0	0	0	0	0	0	0	0	0	0	2	2	2	2	2	2	2	2	2
MSN	1	1	1	0	0	0	0	0	0	0	0	0	0	3	3	3	3	3	3	3	3	3
MAFB	1	1	0	0	0	0	0	0	0	0	0	0	0	2	2	2	2	2	2	2	2	2
MNX1	1	1	0	0	0	0	0	0	0	0	0	0	0	2	2	2	2	2	2	2	2	2
PRR14	0	0	1	0	0	0	0	0	0	0	0	0	0	1	1	1	1	1	1	1	1	1
NRXN3	0	0	0	0	1	0	0	0	0	0	0	0	0	-1	-1	-1	-1	-1	-1	-1	-1	-1
DUX4L1	0	1	0	0	0	0	0	0	0	0	0	0	0	1	1	1	1	1	1	1	1	1
DCSTAMP	0	0	1	0	0	0	0	0	0	0	0	0	1	1	1	1	1	1	1	1	1	5
SIRPA	1	1	1	0	1	0	0	0	0	0	0	1	0	2	2	2	2	2	2	2	6	2
BCR	1	1	1	0	0	0	0	0	0	0	0	0	0	3	3	3	3	3	3	3	3	3
ZNF208	0	0	1	0	0	0	0	0	0	0	0	0	0	1	1	1	1	1	1	1	1	1
SFPQ	1	1	0	0	0	0	0	0	0	0	0	0	0	2	2	2	2	2	2	2	2	2
CNBD1	1	1	0	1	0	0	0	0	0	0	0	0	0	3	3	3	3	3	3	3	3	3
KMT2B	0	0	1	1	0	0	0	0	0	0	0	0	0	2	2	2	2	2	2	2	2	2
NTHL1	1	1	0	0	0	0	0	0	0	0	0	0	0	2	2	2	2	2	2	2	2	2
HLA-A	1	1	1	1	0	0	0	0	0	0	1	0	0	4	4	4	4	4	4	8	4	4
CTNND2	1	1	0	0	1	0	0	0	0	0	0	0	0	1	1	1	1	1	1	1	1	1
TOP1	1	1	1	0	0	0	0	0	0	0	0	0	0	3	3	3	3	3	3	3	3	3
ABL2	1	1	1	0	0	1	0	0	0	0	0	0	0	3	7	3	3	3	3	3	3	3
NRP1	0	0	1	0	0	0	0	0	0	0	0	0	0	1	1	1	1	1	1	1	1	1
MUC1	1	1	0	0	0	0	0	0	0	0	0	0	0	2	2	2	2	2	2	2	2	2
TFG	1	1	1	0	0	0	0	0	0	0	0	0	0	3	3	3	3	3	3	3	3	3
RUNX1T1	1	1	1	0	1	0	0	0	0	1	0	0	0	2	2	2	2	2	6	2	2	2
PTPN14	0	0	1	0	0	0	0	0	0	0	0	0	0	1	1	1	1	1	1	1	1	1
PARP4	0	0	1	0	0	0	0	0	0	0	0	1	0	1	1	1	1	1	1	1	5	1
TLR4	0	0	0	1	0	0	0	0	0	0	0	0	0	1	1	1	1	1	1	1	1	1
FANCC	1	1	1	0	0	0	1	0	0	0	0	0	0	3	3	7	3	3	3	3	3	3
MDM4	1	1	1	0	0	1	0	0	0	0	0	0	0	3	7	3	3	3	3	3	3	3
DYNC1I1	0	0	0	0	1	0	0	0	0	0	0	0	0	-1	-1	-1	-1	-1	-1	-1	-1	-1
SRCAP	0	0	0	0	1	0	0	0	0	0	0	0	0	-1	-1	-1	-1	-1	-1	-1	-1	-1
XPO1	1	1	1	1	0	0	0	0	0	1	0	0	0	4	4	4	4	4	8	4	4	4
BNC2	0	0	0	0	1	0	0	0	0	0	0	0	0	-1	-1	-1	-1	-1	-1	-1	-1	-1
ARID5B	0	0	0	1	0	0	0	0	0	0	0	0	0	1	1	1	1	1	1	1	1	1
ESR1	1	1	1	1	0	1	0	0	0	0	0	0	0	4	8	4	4	4	4	4	4	4
FOXO3	1	1	1	0	0	0	0	0	0	0	0	0	0	3	3	3	3	3	3	3	3	3
PTCH1	1	1	1	1	0	0	0	0	0	0	0	0	0	4	4	4	4	4	4	4	4	4
FES	1	1	0	0	0	0	0	0	0	0	0	0	0	2	2	2	2	2	2	2	2	2
ZNF721	0	0	1	0	0	0	0	0	0	0	0	0	0	1	1	1	1	1	1	1	1	1
ERC1	1	1	0	0	0	0	0	0	0	0	0	0	0	2	2	2	2	2	2	2	2	2
GNAQ	1	1	1	1	0	0	0	0	0	0	1	0	0	4	4	4	4	4	4	8	4	4
TRIO	0	0	0	0	1	0	0	0	0	0	0	0	0	-1	-1	-1	-1	-1	-1	-1	-1	-1
CRLF2	1	1	0	0	0	0	0	0	0	0	0	0	0	2	2	2	2	2	2	2	2	2
TCF4	0	0	1	0	0	0	0	0	0	0	0	0	0	1	1	1	1	1	1	1	1	1
PTPN13	1	1	1	0	0	1	0	0	0	0	0	0	0	3	7	3	3	3	3	3	3	3
FAM46C	1	0	1	0	0	0	0	0	0	0	0	0	0	2	2	2	2	2	2	2	2	2
CCND2	1	1	1	0	0	0	0	0	0	0	0	0	0	3	3	3	3	3	3	3	3	3
FBN2	0	0	1	0	1	0	0	0	0	0	0	0	0	0	0	0	0	0	0	0	0	0
MKL1	1	0	0	0	0	0	0	0	0	0	0	0	0	1	1	1	1	1	1	1	1	1
IRAK1	0	0	1	0	0	0	0	0	0	0	0	0	0	1	1	1	1	1	1	1	1	1
NSD3	1	1	0	0	0	0	0	0	0	0	0	0	0	2	2	2	2	2	2	2	2	2
RAC1	1	1	1	1	0	0	0	0	0	0	1	0	0	4	4	4	4	4	4	8	4	4
FOXO1	1	1	1	0	0	0	0	0	0	0	0	0	0	3	3	3	3	3	3	3	3	3
STAT6	1	1	1	0	0	0	0	0	0	0	0	0	0	3	3	3	3	3	3	3	3	3
CASP9	1	1	0	0	0	0	0	0	0	0	0	0	0	2	2	2	2	2	2	2	2	2
VTI1A	1	1	0	0	0	0	0	0	0	0	0	0	0	2	2	2	2	2	2	2	2	2
CUL3	1	1	1	1	0	0	0	0	0	1	0	0	0	4	4	4	4	4	8	4	4	4
RMI2	1	1	0	0	0	0	0	0	0	0	0	0	0	2	2	2	2	2	2	2	2	2
GPC5	1	1	0	0	0	0	0	0	0	0	0	0	0	2	2	2	2	2	2	2	2	2
GNA11	1	1	1	1	0	0	0	0	0	0	1	0	0	4	4	4	4	4	4	8	4	4
FANCA	1	1	1	0	0	0	0	0	0	0	0	0	0	3	3	3	3	3	3	3	3	3
IL7R	1	1	1	1	1	0	0	0	0	0	0	0	0	3	3	3	3	3	3	3	3	3
FGFR3	1	1	1	1	0	0	0	0	0	0	0	0	0	4	4	4	4	4	4	4	4	4
MAP3K4	0	0	0	1	0	0	0	0	0	0	0	0	0	1	1	1	1	1	1	1	1	1
DNAH11	0	0	0	0	1	0	0	0	0	0	0	0	0	-1	-1	-1	-1	-1	-1	-1	-1	-1
BAP1	1	1	1	1	0	1	0	1	0	0	1	0	0	4	8	4	8	4	4	8	4	4
NRG3	0	0	0	0	1	0	0	0	0	0	0	0	0	-1	-1	-1	-1	-1	-1	-1	-1	-1
MED12	1	1	1	1	0	0	1	0	0	1	0	0	0	4	4	8	4	4	8	4	4	4
MALT1	1	1	1	0	0	0	0	0	0	0	0	0	0	3	3	3	3	3	3	3	3	3
LAMA4	0	0	0	0	1	0	0	0	0	0	0	0	0	-1	-1	-1	-1	-1	-1	-1	-1	-1
RYR2	0	0	0	0	1	0	0	0	0	0	0	0	0	-1	-1	-1	-1	-1	-1	-1	-1	-1
ERG	1	1	1	0	0	0	0	0	0	1	0	0	0	3	3	3	3	3	7	3	3	3
PTPRD	1	1	1	1	0	1	0	0	0	1	1	0	0	4	8	4	4	4	8	8	4	4
CD28	1	1	0	0	0	0	0	0	0	0	0	0	0	2	2	2	2	2	2	2	2	2
SLC34A2	1	1	0	0	0	0	0	0	0	0	0	0	0	2	2	2	2	2	2	2	2	2
UBE2D2	0	0	1	0	0	0	0	0	0	0	0	0	0	1	1	1	1	1	1	1	1	1
ERBB4	1	1	1	1	0	1	0	0	0	0	0	0	0	4	8	4	4	4	4	4	4	4
PPARG	1	1	0	0	0	0	0	0	0	0	0	0	0	2	2	2	2	2	2	2	2	2
PIK3R2	0	0	0	1	0	0	0	0	0	0	0	0	0	1	1	1	1	1	1	1	1	1
FREM2	0	0	0	0	1	0	0	0	0	0	0	0	0	-1	-1	-1	-1	-1	-1	-1	-1	-1
TRIM49C	0	0	1	0	0	0	0	0	0	0	0	0	1	1	1	1	1	1	1	1	1	5
CD79A	1	1	0	0	0	0	0	0	0	0	0	0	0	2	2	2	2	2	2	2	2	2
SMARCA4	1	1	1	1	0	0	0	0	1	0	0	1	0	4	4	4	4	8	4	4	8	4
SND1	1	1	0	0	0	0	0	0	0	0	0	0	0	2	2	2	2	2	2	2	2	2
SIN3A	0	0	1	1	0	0	0	0	0	0	0	0	0	2	2	2	2	2	2	2	2	2
SUSD2	0	0	1	0	0	0	0	0	0	0	0	0	0	1	1	1	1	1	1	1	1	1
FHIT	1	1	1	0	0	0	0	0	0	0	0	0	1	3	3	3	3	3	3	3	3	7
EPHA5	0	0	0	0	1	0	0	0	0	0	0	0	0	-1	-1	-1	-1	-1	-1	-1	-1	-1
CDKN1A	1	1	1	1	0	0	0	0	0	0	0	0	0	4	4	4	4	4	4	4	4	4
BCL9	1	1	1	0	1	0	0	0	0	0	0	1	1	2	2	2	2	2	2	2	6	6
RALGDS	1	1	1	0	0	0	0	0	0	0	0	0	0	3	3	3	3	3	3	3	3	3
BCORL1	1	1	1	0	0	0	0	0	0	0	0	1	0	3	3	3	3	3	3	3	7	3
MECOM	1	1	1	1	0	0	0	0	0	1	1	0	0	4	4	4	4	4	8	8	4	4
GTF2I	0	0	1	1	0	0	0	0	0	0	0	0	0	2	2	2	2	2	2	2	2	2
PTPRB	1	1	1	0	1	0	0	0	0	0	1	0	0	2	2	2	2	2	2	6	2	2
LSM14A	1	1	0	0	0	0	0	0	0	0	0	0	0	2	2	2	2	2	2	2	2	2
AKT3	1	1	1	0	0	0	0	0	0	1	0	0	0	3	3	3	3	3	7	3	3	3
LCP1	1	1	0	0	0	0	0	0	0	0	0	0	0	2	2	2	2	2	2	2	2	2
TAL1	1	1	0	0	0	0	0	0	0	0	0	0	0	2	2	2	2	2	2	2	2	2
PTMA	0	0	1	1	0	0	0	0	0	0	0	0	0	2	2	2	2	2	2	2	2	2
KLHL5	0	0	0	0	1	0	0	0	0	0	0	0	0	-1	-1	-1	-1	-1	-1	-1	-1	-1
EGFR	1	1	1	1	0	1	1	0	1	0	0	1	0	4	8	8	4	8	4	4	8	4
MAP2K7	0	0	1	0	0	0	0	0	0	0	0	0	1	1	1	1	1	1	1	1	1	5
RASA1	0	0	1	1	0	0	0	0	0	0	0	0	0	2	2	2	2	2	2	2	2	2
PMS2	1	1	1	1	0	0	0	0	0	1	0	0	0	4	4	4	4	4	8	4	4	4
LMNA	1	1	0	0	0	0	0	0	0	0	0	0	0	2	2	2	2	2	2	2	2	2
WWTR1	1	1	0	0	0	0	0	0	0	0	0	0	0	2	2	2	2	2	2	2	2	2
PEG3	0	0	1	0	1	0	0	0	0	0	0	0	0	0	0	0	0	0	0	0	0	0
SOS1	0	0	1	1	0	0	0	0	0	0	0	0	0	2	2	2	2	2	2	2	2	2
HOOK3	1	1	0	0	0	0	0	0	0	0	0	0	0	2	2	2	2	2	2	2	2	2
BCL10	1	1	1	0	0	0	0	0	0	0	0	0	0	3	3	3	3	3	3	3	3	3
SRGAP3	1	1	1	0	1	0	0	0	0	0	1	0	0	2	2	2	2	2	2	6	2	2
GABRA6	0	0	0	1	0	0	0	0	0	0	0	0	0	1	1	1	1	1	1	1	1	1
BRIP1	1	1	0	0	0	0	0	0	0	0	0	0	0	2	2	2	2	2	2	2	2	2
AXIN1	1	1	1	1	0	0	1	0	0	0	0	0	0	4	4	8	4	4	4	4	4	4
PIK3CG	0	0	0	1	0	0	0	0	0	0	0	0	0	1	1	1	1	1	1	1	1	1
ARID1A	1	1	1	1	0	1	1	1	1	1	0	1	1	4	8	8	8	8	8	4	8	8
EXT1	1	1	0	0	0	0	0	0	0	0	0	0	0	2	2	2	2	2	2	2	2	2
KMT2C	1	1	1	1	0	1	0	1	1	1	1	1	1	4	8	4	8	8	8	8	8	8
BRINP3	0	0	0	0	1	0	0	0	0	0	0	0	0	-1	-1	-1	-1	-1	-1	-1	-1	-1
RBFOX2	0	0	1	0	0	0	0	0	0	0	0	0	0	1	1	1	1	1	1	1	1	1
RSPO2	1	1	0	0	0	0	0	0	0	0	0	0	0	2	2	2	2	2	2	2	2	2
XPC	1	1	1	0	0	0	0	0	0	0	0	0	0	3	3	3	3	3	3	3	3	3
EGR2	0	0	1	0	0	0	0	0	0	0	0	0	0	1	1	1	1	1	1	1	1	1
U2AF1	1	1	1	1	0	0	0	0	1	1	0	0	0	4	4	4	4	8	8	4	4	4
SF1	0	0	0	1	0	0	0	0	0	0	0	0	0	1	1	1	1	1	1	1	1	1
OTUD7A	0	0	0	0	1	0	0	0	0	0	0	0	0	-1	-1	-1	-1	-1	-1	-1	-1	-1
KRAS	1	1	1	1	0	1	0	0	1	1	1	1	1	4	8	4	4	8	8	8	8	8
CRTC3	1	1	0	0	0	0	0	0	0	0	0	0	0	2	2	2	2	2	2	2	2	2
NFE2L2	1	1	1	1	0	0	0	0	0	0	0	0	0	4	4	4	4	4	4	4	4	4
LDB1	0	0	1	0	0	0	0	0	0	0	0	0	0	1	1	1	1	1	1	1	1	1
ETV4	1	1	1	0	0	0	0	0	0	0	0	0	0	3	3	3	3	3	3	3	3	3
ZNF148	0	0	1	0	0	0	0	0	0	0	0	0	0	1	1	1	1	1	1	1	1	1
MXRA5	0	0	0	0	1	0	0	0	0	0	0	0	0	-1	-1	-1	-1	-1	-1	-1	-1	-1
OR10R2	0	0	0	0	1	0	0	0	0	0	0	0	0	-1	-1	-1	-1	-1	-1	-1	-1	-1
ADAMTS12	0	0	0	0	1	0	0	0	0	0	0	0	0	-1	-1	-1	-1	-1	-1	-1	-1	-1
TCEB1	0	0	0	1	0	0	0	0	0	0	0	0	0	1	1	1	1	1	1	1	1	1
FGD5	0	0	1	0	0	0	0	0	0	0	0	0	0	1	1	1	1	1	1	1	1	1
ZNRF3	1	1	1	0	0	0	0	0	0	0	0	0	0	3	3	3	3	3	3	3	3	3
DGCR8	1	1	1	0	0	0	0	0	0	0	0	0	0	3	3	3	3	3	3	3	3	3
CHST11	1	1	0	0	0	0	0	0	0	0	0	0	0	2	2	2	2	2	2	2	2	2
CBLC	1	1	0	0	0	0	0	0	0	0	0	0	0	2	2	2	2	2	2	2	2	2
NUTM1	1	1	0	0	0	0	0	0	0	0	0	0	0	2	2	2	2	2	2	2	2	2
MACF1	0	0	0	1	0	0	0	0	0	0	0	0	0	1	1	1	1	1	1	1	1	1
GOPC	1	1	0	0	0	0	0	0	0	0	0	0	0	2	2	2	2	2	2	2	2	2
CDH11	1	1	1	0	1	0	0	0	0	0	1	0	1	2	2	2	2	2	2	6	2	6
CYP2C8	1	1	1	0	0	0	0	0	0	0	1	0	0	3	3	3	3	3	3	7	3	3
IKZF3	0	0	1	0	0	0	0	0	0	0	0	0	0	1	1	1	1	1	1	1	1	1
OR2T33	0	0	0	0	1	0	0	0	0	0	0	0	0	-1	-1	-1	-1	-1	-1	-1	-1	-1
WDFY3	0	0	0	0	1	0	0	0	0	0	0	0	0	-1	-1	-1	-1	-1	-1	-1	-1	-1
TMPRSS2	1	1	0	0	0	0	0	0	0	0	0	0	0	2	2	2	2	2	2	2	2	2
BAZ1A	1	1	0	0	0	0	0	0	0	0	0	0	0	2	2	2	2	2	2	2	2	2
IL21R	1	1	0	0	0	0	0	0	0	0	0	0	0	2	2	2	2	2	2	2	2	2
BRD7	0	0	1	1	0	0	0	0	0	0	1	0	0	2	2	2	2	2	2	6	2	2
NPRL2	0	0	1	0	0	0	0	0	0	0	0	0	0	1	1	1	1	1	1	1	1	1
IGK	0	1	0	0	0	0	0	0	0	0	0	0	0	1	1	1	1	1	1	1	1	1
DAZAP1	0	0	1	1	0	0	0	0	0	0	0	0	0	2	2	2	2	2	2	2	2	2
FKBP9	1	1	0	0	0	0	0	0	0	0	0	0	0	2	2	2	2	2	2	2	2	2
APOBEC3B	1	1	0	0	0	0	0	0	0	0	0	0	0	2	2	2	2	2	2	2	2	2
ZNF521	1	1	1	0	1	0	0	0	0	0	0	0	0	2	2	2	2	2	2	2	2	2
PICALM	1	1	0	0	0	0	0	0	0	0	0	0	0	2	2	2	2	2	2	2	2	2
TNC	1	1	1	0	0	0	0	0	0	0	0	0	0	3	3	3	3	3	3	3	3	3
HOXA13	1	1	0	0	0	0	0	0	0	0	0	0	0	2	2	2	2	2	2	2	2	2
FH	1	1	1	0	0	0	0	0	0	0	0	0	0	3	3	3	3	3	3	3	3	3
RAF1	1	1	1	1	0	0	0	0	0	0	1	0	0	4	4	4	4	4	4	8	4	4
POU2F2	0	0	1	0	0	0	0	0	0	0	0	0	0	1	1	1	1	1	1	1	1	1
MAF	1	1	1	0	0	0	0	0	0	0	0	0	0	3	3	3	3	3	3	3	3	3
RECQL4	1	1	1	0	0	0	0	0	0	0	0	0	1	3	3	3	3	3	3	3	3	7
CASZ1	0	0	1	0	1	0	0	0	0	1	0	0	0	0	0	0	0	0	4	0	0	0
DCAF12L2	1	1	1	0	0	0	1	0	0	1	0	0	0	3	3	7	3	3	7	3	3	3
ACVR2A	1	1	1	1	0	0	0	0	0	0	0	1	1	4	4	4	4	4	4	4	8	8
MAGI2	0	0	0	0	1	0	0	0	0	0	0	0	0	-1	-1	-1	-1	-1	-1	-1	-1	-1
IFNGR1	0	0	1	0	0	0	0	0	0	0	0	0	0	1	1	1	1	1	1	1	1	1
PRRX1	1	1	1	0	0	0	0	0	0	0	0	0	1	3	3	3	3	3	3	3	3	7
ACSL6	1	1	0	0	0	0	0	0	0	0	0	0	0	2	2	2	2	2	2	2	2	2
RELA	0	0	1	0	0	0	0	0	0	0	0	0	1	1	1	1	1	1	1	1	1	5
SDHC	1	1	0	0	0	0	0	0	0	0	0	0	0	2	2	2	2	2	2	2	2	2
ETV5	1	1	1	0	0	1	0	0	0	0	0	0	0	3	7	3	3	3	3	3	3	3
YWHAE	1	1	0	0	0	0	0	0	0	0	0	0	0	2	2	2	2	2	2	2	2	2
NXF1	0	0	1	0	0	0	0	0	0	0	0	0	0	1	1	1	1	1	1	1	1	1
PCDH11X	0	0	0	0	1	0	0	0	0	0	0	0	0	-1	-1	-1	-1	-1	-1	-1	-1	-1
MSI2	1	1	1	0	0	0	0	0	0	0	0	0	0	3	3	3	3	3	3	3	3	3
MAPK1	1	1	1	1	0	0	0	0	0	0	0	0	0	4	4	4	4	4	4	4	4	4
NAB2	1	1	0	0	0	0	0	0	0	0	0	0	0	2	2	2	2	2	2	2	2	2
RRAGC	0	0	1	0	0	0	0	0	0	0	0	0	0	1	1	1	1	1	1	1	1	1
SMARCA1	0	0	1	1	0	0	0	0	0	1	0	0	0	2	2	2	2	2	6	2	2	2
ACSL3	1	1	1	0	0	0	0	0	0	0	0	0	0	3	3	3	3	3	3	3	3	3
BMP5	1	1	0	0	0	0	0	0	0	0	0	0	0	2	2	2	2	2	2	2	2	2
PBX1	1	1	0	0	0	0	0	0	0	0	0	0	0	2	2	2	2	2	2	2	2	2
EPAS1	1	1	1	1	0	1	0	0	0	0	0	0	0	4	8	4	4	4	4	4	4	4
RHPN2	0	0	1	0	0	1	0	0	0	0	0	0	0	1	5	1	1	1	1	1	1	1
POLRMT	0	0	0	1	0	0	0	0	0	0	0	0	0	1	1	1	1	1	1	1	1	1
ERBB2	1	1	1	1	0	1	0	0	0	0	0	1	1	4	8	4	4	4	4	4	8	8
GAS7	1	1	0	0	0	0	0	0	0	0	0	0	0	2	2	2	2	2	2	2	2	2
FEV	1	1	0	0	0	0	0	0	0	0	0	0	0	2	2	2	2	2	2	2	2	2
TSC2	1	1	1	1	0	0	0	0	0	0	0	0	0	4	4	4	4	4	4	4	4	4
